S.no,youtube name,name,Category-1,Followers,Country,"Views (Avg.)",Likes (Avg.),Comments (Avg.),Category-2
1,tseries,T-Series,Music & Dance,225.4M,India,332.7K,15K,243,
2,checkgate,Cocomelon - Nursery Rhymes,Education,143.6M,,11.1M,57.6K,0,
3,PewDiePie,PewDiePie,Animation,111.5M,United States,3.5M,221.2K,13.2K,
4,MrBeast6000,MrBeast,Video games,105.1M,United States,38M,1.9M,58.3K,Humor
5,Like Nastya,Like Nastya,Toys,101.4M,,4.7M,21.7K,0,
6,✿ Kids Diana Show,✿ Kids Diana Show,Animation,101.4M,,5M,21.6K,0,Toys
7,WWEFanNation,WWE,Video games,91.1M,United States,136.6K,4.9K,198,
8,zeemusiccompany,Zee Music Company,Music & Dance,88.3M,India,99K,2.6K,78,
9,Vlad and Niki,Vlad and Niki,Animation,86.9M,,6.7M,28.4K,0,Toys
10,BLACKPINK,BLACKPINK,Music & Dance,81.8M,United States,3M,289.9K,8.6K,
11,5-Minute Crafts,5-Minute Crafts,,77.5M,India,350.6K,2.2K,80,
12,GoldminesTelefilms,Goldmines,,76.9M,India,99.2K,1.3K,47,
13,sabtv,Sony SAB,Movies,72.3M,India,66.4K,1K,19,Animation
14,BANGTANTV,BANGTANTV,Music & Dance,70.9M,India,2.3M,504.4K,12.1K,
15,kidrauhl,Justin Bieber,Music & Dance,70.2M,United States,971.7K,107.6K,6.6K,
16,ibighit,HYBE LABELS,Music & Dance,68.2M,United States,1.2M,99.7K,3K,
17,CanalKondZilla,Canal KondZilla,Music & Dance,66M,Brazil,40.8K,1.6K,130,
18,zeetv,Zee TV,,63.6M,India,41.7K,497,6,
19,filmigaane,Shemaroo Filmi Gaane,Music & Dance,62M,India,24K,235,13,
20,SmartBooksMedia,Pinkfong Baby Shark - Kids' Songs & Stories,Animation,60.7M,,636.9K,1K,0,Toys
21,ChuChu TV Nursery Rhymes & Kids Songs,ChuChu TV Nursery Rhymes & Kids Songs,Toys,58.7M,,848.6K,2.2K,0,
22,corycotton,Dude Perfect,Video games,58.3M,United States,6.7M,222.2K,7.2K,
23,movieclips,Movieclips,Movies,57.9M,United States,9.6K,146,11,Animation
24,colorstv,Colors TV,,56.5M,India,28.2K,510,7,
25,Marshmello,Marshmello,Music & Dance,55.9M,United States,180.8K,9.4K,582,
26,BHOJPURIWAVE,Wave Music,Music & Dance,54.2M,,74.8K,2.5K,159,
27,tseriesbhakti,T-Series Bhakti Sagar,Music & Dance,54M,India,33.2K,848,60,
28,tipsmusic,Tips Official,Music & Dance,53.9M,India,165.1K,2K,52,
29,aajtaktv,Aaj Tak,News & Politics,53.7M,India,6K,100,10,
30,EminemMusic,EminemMusic,Movies,53.5M,United States,2M,140.1K,7.3K,Animation
31,sonymusicindiaSME,Sony Music India,Music & Dance,53.4M,India,355.7K,13.6K,367,
32,ReinoMariaElenaWalsh,El Reino Infantil,Music & Dance,52.8M,,193K,519,0,
33,EdSheeran,Ed Sheeran,Music & Dance,52.4M,United States,276.6K,20.5K,749,
34,LooLooKids,LooLoo Kids - Nursery Rhymes and Children's Songs,Music & Dance,50.5M,United States,1.8M,7.9K,0,
35,yrf,YRF,Music & Dance,48.4M,India,109.6K,4.2K,28,Movies
36,BillionSurpriseToys - English Kids Songs & Cartoon,BillionSurpriseToys - English Kids Songs & Cartoon,Toys,47.4M,,374K,0,0,
37,Billie Eilish,Billie Eilish,Music & Dance,46.8M,United States,812.2K,87.2K,4K,
38,infobellshindirhymes,Infobells - Hindi,Education,46.7M,,100.4K,0,0,
39,JuegaGerman,JuegaGerman,Movies,46.4M,Mexico,1.8M,132.8K,3.8K,Animation
40,Badabun,Badabun,,45.8M,Mexico,8.6K,407,8,
41,felipeneto,Felipe Neto,,44.6M,Brazil,1M,122.2K,1.8K,
42,BRIGHT SIDE,BRIGHT SIDE,Animation,44M,United States,49.2K,1.4K,75,
43,Bad Bunny,Bad Bunny,Music & Dance,43.7M,Mexico,7.2M,541.8K,25.3K,Movies
44,vcsabiavideos,Você Sabia?,,43.7M,Brazil,705.9K,83K,1.5K,
45,sonymusicindiaVEVO,SonyMusicIndiaVEVO,Music & Dance,43.5M,India,49.9K,1.9K,61,
46,DjWalkzz,Alan Walker,Music & Dance,42.5M,United States,240.6K,20.2K,912,Movies
47,getmovies,Get Movies,,42M,,67.7K,387,0,
48,A4,A4,Animation,41.9M,Russia,10.2M,339.8K,18.9K,Humor
49,Like Nastya Show,Like Nastya Show,Animation,41.7M,,102.1K,754,0,Toys
50,speedrecordss,Speed Records,Music & Dance,41.3M,India,41.4K,1.5K,77,
51,ABSCBNOnline,ABS-CBN Entertainment,,41.1M,Philippines,1.3K,21,1,
52,ShemarooEnt,Shemaroo,,41.1M,India,8.7K,79,6,
53,elrubiusOMG,elrubiusOMG,Animation,40.5M,Spain,2.1M,416.4K,8.9K,Video games
54,Voot Kids,Voot Kids,Movies,40.1M,,1.4M,10.9K,0,Animation
55,LittleBabyBum,Little Baby Bum - Nursery Rhymes & Kids Songs,Animation,39.9M,,193.4K,383,0,Toys
56,LuisitoComunicaa,Luisito Comunica,,39.5M,Mexico,3.9M,133K,3.5K,
57,MashaMedvedTV,Маша и Медведь,Education,39.1M,,1.7M,7.8K,0,
58,TheEllenShow,TheEllenShow,,38.3M,United States,15.9K,401,22,
59,venus,Ishtar Music,Music & Dance,38.3M,India,69.7K,1.5K,51,
60,luccasneto,LUCCAS NETO - LUCCAS TOON,Movies,38.1M,Brazil,594K,12.2K,0,Animation
61,Kimberly Loaiza,Kimberly Loaiza,Daily vlogs,37.9M,Mexico,7M,746.7K,5.2K,
62,gr6explode,GR6 EXPLODE,Music & Dance,37.9M,Brazil,908.4K,16.9K,749,
63,shakira,Shakira,,37.7M,United States,2.7M,42.7K,1.7K,
64,WorkpointOfficial,WorkpointOfficial,,37.5M,Thailand,10.4K,186,5,
65,Toys and Colors,Toys and Colors,Movies,37.1M,,1.3M,3.2K,0,Toys
66,DaddyYankeeOFFTV,Daddy Yankee,Music & Dance,36.9M,Colombia,0,0,0,
67,TEDxTalks,TEDx Talks,,36.3M,United States,307,5,0,
68,shfa2 - شفا,shfa2 - شفا,Daily vlogs,36.3M,,368.6K,3K,0,
69,shfa,shfa,Daily vlogs,36.3M,France,3.2M,59.5K,0,
70,Jkk Entertainment,Jkk Entertainment,,36.1M,India,1.8M,14.2K,278,
71,MashaBearEN,Masha and The Bear,Animation,35.9M,,1.4M,7.1K,0,Toys
72,SuperSimpleSongs,Super Simple Songs - Kids Songs,Music & Dance,35.9M,,659.3K,8.2K,0,
73,Ozuna,Ozuna,Music & Dance,35.3M,United States,23.1M,0,3.7K,
74,Goldmines Gaane Sune Ansune,Goldmines Gaane Sune Ansune,Music & Dance,35M,India,45.9K,332,16,
75,Mikecrack,Mikecrack,Movies,34.9M,Mexico,3.9M,309.8K,11.4K,Animation
76,gmmonetv,one31,,34.6M,Thailand,6.6K,127,2,
77,ARY Digital HD,ARY Digital HD,,34.6M,Pakistan,11.3K,128,6,
78,Like Nastya ESP,Like Nastya ESP,,34.4M,,479.3K,2K,0,
79,Maria Clara & JP,Maria Clara & JP,,34M,,5M,21.4K,0,
80,Total Gaming,Total Gaming,,33.6M,India,955.4K,96.9K,4.3K,
81,YouTube,YouTube,,33.6M,United States,26.2K,2.7K,0,
82,abpnewstv,ABP NEWS,News & Politics,33.6M,India,2.7K,31,2,
83,markiplierGAME,Markiplier,Animation,33.6M,United States,2.6M,168.4K,7.5K,Video games
84,vegetta777,VEGETTA777,Video games,33.6M,Mexico,700.7K,53.1K,470,
85,sonypalindia,Sony PAL,,33.4M,India,7.7K,61,6,
86,harpalgeo,HAR PAL GEO,,33.3M,Pakistan,6.1K,52,1,
87,Geet MP3,Geet MP3,Music & Dance,33.2M,India,274.4K,26.2K,1.4K,
88,UltraHindi,Ultra Bollywood,,33.1M,India,24.9K,217,9,
89,NoCopyrightSounds,NoCopyrightSounds,Music & Dance,32.9M,United States,359K,13.9K,818,
90,Ryan's World,Ryan's World,Animation,32.9M,,826.9K,4.1K,0,Toys
91,tseriesapnapunjab,T-Series Apna Punjab,Music & Dance,32.8M,India,28.9K,1.5K,21,
92,SSSniperWolf,SSSniperWolf,Humor,32.8M,United States,3.1M,100.9K,5.6K,
93,IndiaTV,IndiaTV,News & Politics,32.6M,India,8K,135,13,
94,KHANDESHI MOVIES,KHANDESHI MOVIES,,32.4M,India,5M,18.7K,452,
95,cancionesdelagranja,La Granja de Zenón,Music & Dance,32.1M,,467.9K,2.1K,0,Animation
96,GENIAL,GENIAL,Animation,31.6M,Mexico,37K,1.2K,46,
97,SelGomez,Selena Gomez,,31.4M,United States,719.9K,53.9K,2.2K,
98,tseriesoldisgold,Bollywood Classics,Music & Dance,31.4M,India,0,0,0,
99,erosentertainment,Eros Now Music,,31.4M,India,17.1K,286,9,
100,Luis Fonsi,Luis Fonsi,,31M,United States,23.2K,1.6K,34,
101,SMTOWN,SMTOWN,Music & Dance,31M,United States,443K,49.9K,1.4K,
102,MrBean,Mr Bean,,31M,India,210K,2.8K,102,
103,rajshri,Rajshri,,30.8M,India,18.8K,190,10,
104,Ricis Official,Ricis Official,Music & Dance,30.6M,Indonesia,806.9K,28.8K,869,Movies
105,SongsOfIndianCinema,Saregama Music,Music & Dance,30.5M,India,23.5K,990,23,
106,DisneyMusicVEVO,DisneyMusicVEVO,Music & Dance,30.4M,United States,94.4K,2K,132,Movies
107,AllTrapNation,Trap Nation,Music & Dance,30.4M,United States,62.6K,2.7K,63,
108,latenight,The Tonight Show Starring Jimmy Fallon,Movies,30.2M,United States,106.3K,3K,123,Humor
109,AH,AH,Music & Dance,30M,Indonesia,754.6K,35K,2.4K,Movies
110,Vlad và Nikita,Vlad và Nikita,Movies,29.9M,,7.1M,34.3K,0,Humor
111,BabyBus - Kids Songs and Cartoons,BabyBus - Kids Songs and Cartoons,Animation,29.8M,,558.7K,2.6K,0,Toys
112,SpinninRec,Spinnin' Records,Music & Dance,29.8M,United States,61.2K,1.9K,61,
113,rezendeevil,rezendeevil,Movies,29.6M,Brazil,318K,22.9K,390,Humor
114,PowerKids,PowerKids TV,Movies,29.6M,India,79.9K,0,0,Animation
115,Jingle Toons,Jingle Toons,,29.4M,India,47.8K,400,0,
116,WWRBhojpuri,Worldwide Records Bhojpuri,Music & Dance,29.2M,India,181.6K,3.5K,169,
117,ImagineDragons,ImagineDragons,Music & Dance,29M,United States,143.1K,8K,161,
118,Techno Gamerz,Techno Gamerz,,29M,India,6M,287.6K,21.7K,
119,MrBeast Gaming,MrBeast Gaming,Animation,29M,United States,7.9M,0,10.1K,Video games
120,jacksepticeye,jacksepticeye,Video games,28.8M,United States,2.7M,184.7K,10.2K,
121,UltraRecords,Ultra Music,Music & Dance,28.8M,United States,15.9K,620,25,
122,theofficialpeppa,Peppa Pig - Official Channel,Toys,28.6M,,585.6K,4K,0,
123,Wow Kidz,Wow Kidz,Animation,28.5M,,209K,2.8K,0,Humor
124,toyoraljanahtv,قناة طيور الجنة | toyoraljanahtv,Music & Dance,28.4M,,147.6K,0,0,
125,Little Angel: Nursery Rhymes & Kids Songs,Little Angel: Nursery Rhymes & Kids Songs,Toys,28.2M,,1.9M,14.3K,0,
126,TalkingTomCat,Talking Tom,,28.2M,United States,63.5K,533,0,
127,GMANETWORK,GMANetwork,,28M,Philippines,2.4K,58,1,
128,TheLateLateShow,The Late Late Show with James Corden,Animation,28M,United States,72.7K,1.7K,114,Humor
129,MR. INDIAN HACKER,MR. INDIAN HACKER,,27.8M,India,5.2M,497.5K,18.5K,
130,Genevieve's Playhouse - Learning Videos for Kids,Genevieve's Playhouse - Learning Videos for Kids,Toys,27.6M,,0,0,0,
131,zeenews,Zee News,News & Politics,27.4M,India,10.2K,195,15,
132,TheDonato,TheDonato,,27.4M,Mexico,307.3K,30.3K,324,
133,infobellstamil,infobells - Tamil,Education,27.2M,,245.3K,1.4K,0,
134,Diana and Roma ESP,Diana and Roma ESP,Animation,27M,,1.3M,5.7K,0,
135,व्लाद और निकिता,व्लाद और निकिता,,26.8M,,1.8M,13K,0,
136,AboFlah,AboFlah,Animation,26.8M,Iraq,4.9M,681.6K,21.7K,Video games
137,toypudding,ToypuddingTV,,26.8M,India,6.9K,41,2,
138,adityamusic,Aditya Music,Music & Dance,26.6M,India,8.7K,141,8,
139,Bounce Patrol - Kids Songs,Bounce Patrol - Kids Songs,Music & Dance,26.6M,,900.7K,5.7K,0,
140,taylorgangent,Wiz Khalifa,Music & Dance,26.6M,United States,350.8K,22.9K,1.2K,
141,infobellstelugu,infobells - Telugu,Education,26.6M,,125.8K,556,0,
142,enchufetv,enchufetv,,26.4M,Ecuador,158.8K,13.4K,92,
143,TheDiamondMinecart,DanTDM,Video games,26.3M,United States,1.3M,47.6K,4.4K,
144,toycantando,toycantando,Music & Dance,26.1M,,72.4K,585,0,Animation
145,WorldStarHipHopTV,WORLDSTARHIPHOP,Music & Dance,26.1M,United States,36.8K,977,88,
146,VanossGaming,VanossGaming,Animation,25.7M,United States,1.1M,50.5K,1.6K,Video games
147,jypentertainment,JYP Entertainment,Music & Dance,25.7M,United States,336.7K,33.4K,1.7K,
148,xSkyHeLLxx,Renato Garcia,Movies,25.7M,Brazil,721.6K,72.1K,1.2K,Animation
149,LosPolinesios,LosPolinesios,Music & Dance,25.7M,Mexico,1.8M,45.9K,1.4K,Movies
150,1MILLION Dance Studio,1MILLION Dance Studio,,25.7M,India,55K,2.7K,39,
151,TwiNboTzVids,Lucas and Marcus,Animation,25.5M,United States,1M,25.7K,1.2K,Humor
152,nickelodeonjuniorfr,Nick Jr.,Animation,25.5M,,60.4K,209,0,Toys
153,Sandeep Maheshwari,Sandeep Maheshwari,Daily vlogs,25.3M,India,1.9M,153.7K,9.8K,
154,Goldmines Dishoom,Goldmines Dishoom,,25.1M,,15.5K,191,0,
155,smosh,Smosh,Movies,25.1M,United States,132.3K,9.3K,279,Humor
156,Jess No Limit,Jess No Limit,Movies,24.9M,Indonesia,512.1K,17.5K,1.4K,Animation
157,NickiMinajTelevision,Nicki Minaj,Music & Dance,24.9M,United States,17.6M,765.3K,55.2K,
158,WatchMojo,WatchMojo.com,Movies,24.7M,United States,95.4K,2.6K,342,
159,NewOnNetflix,Netflix,Movies,24.7M,United States,113.3K,2.6K,197,Animation
160,Masha y el Oso,Masha y el Oso,Animation,24.7M,,733K,4.2K,0,
161,Raffy Tulfo in Action,Raffy Tulfo in Action,News & Politics,24.7M,Philippines,819.9K,12K,1.4K,
162,postmalone,Post Malone,Music & Dance,24.5M,United States,183.8K,16.3K,410,
163,davidguettavevo,David Guetta,Music & Dance,24.5M,Brazil,535.9K,7.2K,488,
164,ZHC,ZHC,Design/art,24.5M,United States,3.7M,117.7K,8.9K,DIY & Life Hacks
165,Rans Entertainment,Rans Entertainment,Music & Dance,24.3M,Indonesia,830.8K,27.3K,719,Humor
166,LOENENT,1theK (원더케이),,24.3M,Indonesia,6.7K,388,18,
167,Chloe Ting,Chloe Ting,Fitness,24.3M,United States,278.4K,9.8K,350,Health & Self Help
168,Amit Bhadana,Amit Bhadana,Humor,24.1M,India,1.1M,138.6K,6.8K,
169,adityacinema,Aditya Movies,,24.1M,India,22.4K,496,17,
170,ColdplayVEVO,Coldplay,Music & Dance,23.9M,United States,183.6K,7.9K,266,
171,ChrisBrownTV,Chris Brown,Music & Dance,23.9M,United States,770.1K,42.1K,1.6K,
172,NinjasHyper,Ninja,Animation,23.9M,United States,386.4K,18.1K,828,Video games
173,James Charles,James Charles,Beauty,23.9M,United States,441.2K,40.1K,418,Fashion
174,Diana and Roma HIN,Diana and Roma HIN,,23.8M,,128.5K,889,0,
175,shemaroomovies,Shemaroo Movies,,23.7M,India,15.7K,179,10,
176,TRANS7indonesia,TRANS7 OFFICIAL,Food & Drinks,23.7M,Indonesia,4.1K,46,6,
177,ABPLIVE,ABPLIVE,News & Politics,23.7M,India,2K,25,2,
178,Logan Paul,Logan Paul,Video games,23.7M,United States,6M,0,12K,Humor
179,Happy Lives,Happy Lives,,23.5M,,32.6K,155,0,
180,Troom Troom,Troom Troom,Animation,23.3M,,301.8K,3.1K,79,Toys
181,Mister Max,Mister Max,DIY & Life Hacks,23.3M,Russia,943.6K,11.2K,574,
182,NickyJamTV,NickyJamTV,Music & Dance,23.3M,Colombia,17.4K,1.9K,54,Movies
183,Crazy XYZ,Crazy XYZ,,23.2M,India,3.9M,386.1K,13.7K,
184,EnriqueIglesiasPlay,Enrique Iglesias,Music & Dance,23.1M,United States,76.9K,5.1K,643,
185,Goldmines Bollywood,Goldmines Bollywood,,23.1M,India,14.7K,85,5,
186,netdmuzikk,netd müzik,Music & Dance,23.1M,Turkey,10.9K,261,47,
187,SesameStreet,Sesame Street,,23.1M,,141.5K,376,0,
188,mildicasdemulher,Tina Pontes,,22.9M,Brazil,206.7K,2.9K,60,
189,JellyYT,Jelly,Video games,22.9M,United States,276K,11.3K,423,
190,HumNetwork,HUM TV,,22.9M,Pakistan,2.1K,12,0,
191,Anuel AA,Anuel AA,Music & Dance,22.7M,Colombia,11.3M,230.9K,13.8K,Animation
192,The Lallantop,The Lallantop,News & Politics,22.7M,India,32.4K,799,88,
193,Frost Diamond,Frost Diamond,Music & Dance,22.7M,Indonesia,734.4K,44.5K,1.4K,Video games
194,DrossRotzank,DrossRotzank,,22.7M,Mexico,1.8M,145.1K,4.8K,
195,Miss Katy,Miss Katy,Video games,22.7M,Russia,895.6K,17.4K,837,
196,onemeeeliondollars,Mark Rober,Science & Technology,22.7M,United States,21.1M,718.2K,14.8K,
197,Like Nastya AE,Like Nastya AE,,22.5M,,666.1K,4.9K,0,
198,WB Kids,WB Kids,Movies,22.5M,,70.7K,563,0,Animation
199,Technical Guruji,Technical Guruji,,22.5M,India,304.1K,18.9K,1.5K,
200,VenusMovies,Venus Movies,,22.4M,India,62.3K,538,18,
201,THECHAINSMOKERS,The Chainsmokers,Humor,22.3M,United States,66.2K,0,185,
202,gmmgrammyofficial,GMM GRAMMY OFFICIAL,Music & Dance,22.3M,Thailand,4K,90,3,
203,Smile Family,Smile Family,Movies,22.3M,,134.2K,1.3K,0,Toys
204,mmoshaya,mmoshaya,,22.1M,Saudi Arabia,2M,33.7K,1.3K,
205,TheEnaldinhO,Enaldinho,Movies,22.1M,Brazil,1.3M,64.2K,1K,
206,AmericasGotTalent,America's Got Talent,Music & Dance,22.1M,United States,265.7K,4.3K,269,Movies
207,WHBBP,White Hill Music,Music & Dance,22.1M,India,25.8K,1.2K,71,
208,Diana and Roma ARA,Diana and Roma ARA,,22.1M,,1.4M,9.1K,0,
209,goldmineshindi,Goldmines Movies,,21.9M,India,7K,108,10,
210,Paulo Londra,Paulo Londra,Music & Dance,21.9M,Argentina,8.2M,1.1M,23.9K,
211,TEDtalksDirector,TED,,21.9M,United States,53.9K,1.2K,238,
212,siavideos,Sia,Music & Dance,21.9M,United States,0,0,0,
213,PeppaLatinoAmericano,Peppa Pig Español Latino - Canal Oficial,Toys,21.9M,,841.3K,4.2K,0,
214,PenIndiaPvtLimited,Pen Movies,Movies,21.8M,India,274.2K,6.9K,253,Animation
215,oRugrat,FaZe Rug,Video games,21.7M,United States,3M,124.6K,5.3K,Humor
216,MrBeast en Español,MrBeast en Español,,21.7M,Mexico,8M,333.5K,9.7K,
217,BabyBus - Canciones Infantiles & Cuentos,BabyBus - Canciones Infantiles & Cuentos,Movies,21.5M,,325.9K,1.7K,0,Animation
218,D Billions,D Billions,,21.4M,,1.1M,1.5K,0,
219,Juan De Dios Pantoja,Juan De Dios Pantoja,Daily vlogs,21.3M,Mexico,2.6M,192K,4K,
220,Brent Rivera,Brent Rivera,Video games,21.3M,United States,7.4M,361.7K,9.7K,Humor
221,Like Nastya PRT,Like Nastya PRT,,21.3M,,443K,2.3K,0,
222,SSundee,SSundee,Video games,21.3M,United States,1.8M,105.6K,3.6K,
223,FGTeeV,FGTeeV,Animation,21.1M,United States,2.1M,24.7K,3.1K,Video games
224,Tasty,Tasty,Food & Drinks,21.1M,United States,97.4K,4.3K,58,
225,CharliesVlogs,Charlie Puth,Music & Dance,21.1M,United States,2.5M,67.6K,4.1K,
226,PrestonPlayz,Preston,Animation,21.1M,United States,1.1M,30.3K,403,Video games
227,Goldmines Cineplex,Goldmines Cineplex,,20.9M,India,6K,77,4,
228,Baim Paula,Baim Paula,Music & Dance,20.9M,Indonesia,501.7K,20.6K,1.3K,Movies
229,5-Minute Crafts DIY,5-Minute Crafts DIY,Music & Dance,20.9M,India,14.2K,262,8,Humor
230,CanalCanalha,Canal Canalha,Sports,20.7M,Brazil,449.9K,100.9K,4.3K,
231,Kids TV - Nursery Rhymes And Baby Songs,Kids TV - Nursery Rhymes And Baby Songs,Toys,20.7M,,67.6K,199,0,
232,NationalGeographic,National Geographic,,20.7M,United States,39.6K,1.2K,30,
233,starplus,StarPlus,,20.7M,India,175.6K,3.4K,58,
234,BeckyGOfficial,Becky G,Music & Dance,20.7M,United States,966.8K,32.1K,1.2K,
235,UltraMovieParlour,Ultra Movie Parlour,,20.5M,India,74K,651,24,
236,DisneyChannelLA,Disney Latinoamérica,,20.5M,,25.5K,152,0,
237,Brave Wilderness,Brave Wilderness,,20.5M,United States,558.7K,16.5K,1.1K,
238,JakePaulProductions,Jake Paul,Fitness,20.5M,United States,1.1M,28.6K,2.7K,
239,Family GamesTV,Family GamesTV,,20.4M,,8.7K,0,0,
240,LankyBox,LankyBox,Video games,20.4M,United States,630.1K,8.7K,366,
241,shfa show India,shfa show India,Daily vlogs,20.4M,,954.5K,6.6K,0,
242,BuzzFeedVideo,BuzzFeedVideo,Food & Drinks,20.3M,United States,29K,819,20,
243,RotanaAudio,Rotana,Music & Dance,20.3M,Saudi Arabia,1.1M,10.4K,189,
244,LazarBeam,LazarBeam,Animation,20.3M,United States,3.1M,139.4K,5.6K,Video games
245,Alan Becker,Alan Becker,Animation,20.1M,United States,2.9M,247.5K,4.1K,Video games
246,AuthenticGames,AuthenticGames,Movies,20.1M,Brazil,24.6K,2.4K,155,Video games
247,SlivkiChanel,SlivkiShow,Video games,20.1M,Russia,2.1M,139.2K,6.3K,
248,GooodLifeFilms,Lyrical Lemonade,,20.1M,United States,2.3M,119.3K,5.8K,
249,5-Minute Crafts PLAY,5-Minute Crafts PLAY,,20.1M,India,71.9K,275,20,
250,TheFineBros,REACT,Humor,20.1M,United States,106K,4.1K,228,
251,VEVO,Vevo,Music & Dance,20.1M,United States,97.8K,666,24,
252,TelenovelaTelevisa,Tlnovelas,,20.1M,Mexico,14.2K,287,12,
253,Vlad and Niki Arabic,Vlad and Niki Arabic,,20.1M,,973K,6.4K,0,
254,HaerteTest,HaerteTest,,20.1M,India,19.2K,162,32,
255,★ Kids Roma Show,★ Kids Roma Show,Animation,20M,,6M,17.9K,0,Toys
256,Totoy kids - Português,Totoy kids - Português,Animation,19.9M,,1M,6.2K,0,
257,MrVivekBindra,Dr. Vivek Bindra: Motivational Speaker,Education,19.9M,India,147K,9K,413,
258,toyorbabytv,toyorbabytv,Music & Dance,19.9M,,87.6K,0,0,
259,rossbollinger,Pencilmation,Animation,19.9M,United States,172.9K,2.5K,76,Humor
260,Mnet,Mnet K-POP,Music & Dance,19.9M,United States,9.7K,772,31,Animation
261,Kinder Spielzeug Kanal,Kinder Spielzeug Kanal,Animation,19.7M,,148.2K,2.9K,0,Toys
262,romeo,Romeo Santos,Music & Dance,19.7M,United States,973.3K,30.9K,776,
263,Noor Stars,Noor Stars,Movies,19.7M,Iraq,1M,135.1K,6.5K,Humor
264,PTXofficial,Pentatonix,Music & Dance,19.7M,United States,161.2K,12K,124,
265,MARVEL,Marvel Entertainment,Movies,19.7M,United States,186.4K,7.8K,428,Animation
266,gottalentglobal,Got Talent Global,,19.6M,United States,65.6K,1.8K,35,
267,corbuzierprediction,Deddy Corbuzier,,19.5M,Indonesia,3M,64.1K,7K,
268,gordonramsay,Gordon Ramsay,Food & Drinks,19.5M,United States,128.9K,3.3K,307,Health & Self Help
269,Eva Bravo Play,Eva Bravo Play,,19.5M,,547.7K,3.6K,0,
270,fatosdesconhecidos,Fatos Desconhecidos,Science & Technology,19.4M,Brazil,203.6K,21.5K,736,
271,Beast Reacts,Beast Reacts,,19.4M,United States,6.7M,268.1K,5.5K,
272,RobinHoodGamer1,Robin Hood Gamer,Animation,19.3M,Brazil,894.1K,53.2K,853,Video games
273,Troom Troom Es,Troom Troom Es,,19.3M,Mexico,72.9K,1.5K,43,
274,Infinite,Infinite,Video games,19.3M,United States,926.8K,25.4K,1.8K,Humor
275,Sun TV,Sun TV,,19.3M,India,80K,1.5K,17,
276,Kurzgesagt,Kurzgesagt – In a Nutshell,Education,19.3M,United States,4M,239.1K,14.7K,
277,Netflix India,Netflix India,,19.1M,India,72.6K,1.2K,79,
278,invictorgs3,invictor,Animation,19.1M,Mexico,2.5M,93.2K,1.6K,Video games
279,Crafty Panda,Crafty Panda,Music & Dance,19.1M,India,98.9K,718,11,
280,NBA,NBA,Sports,19.1M,United States,39.3K,1.2K,73,
281,DLS News,DLS News,News & Politics,19.1M,India,46.6K,1.4K,78,
282,OfficialClashOfClans,Clash of Clans,Movies,19M,United States,46.4K,3.7K,180,Animation
283,BritainsGotTalent09,Britain's Got Talent,Music & Dance,18.9M,United Kingdom,307.6K,1.3K,47,Movies
284,Vania Mania Kids,Vania Mania Kids,Animation,18.9M,,828.7K,2.4K,0,Toys
285,greengoldtv,Green Gold TV - Official Channel,,18.9M,,377.2K,3.8K,0,
286,AS Gaming,AS Gaming,,18.9M,India,309.7K,34.7K,885,
287,JimmyKimmelLive,Jimmy Kimmel Live,Movies,18.9M,United States,115.8K,2.9K,190,
288,TRT Originals Urdu,TRT Originals Urdu,,18.9M,Pakistan,224.4K,10.5K,271,
289,Lil Nas X,Lil Nas X,,18.7M,United States,0,0,0,
290,The ACE Family,The ACE Family,Humor,18.7M,United States,603.1K,25.1K,2.1K,
291,The Royalty Family,The Royalty Family,Humor,18.7M,United States,3.6M,128.9K,0,
292,BabyBus - Cerita & Lagu Anak-anak,BabyBus - Cerita & Lagu Anak-anak,Movies,18.6M,,620.9K,4.2K,0,Humor
293,TheWillyrex,TheWillyrex,,18.5M,Spain,16.9K,1.2K,115,
294,sonotekvideo,Sonotek,Music & Dance,18.5M,India,2.5M,70.9K,975,Animation
295,PinkPanther,Official Pink Panther,Movies,18.5M,,489.4K,3.2K,0,Animation
296,MiawAug,MiawAug,Video games,18.5M,Indonesia,572.6K,23.7K,1.5K,
297,Kids Channel India - Hindi Rhymes and Baby Songs,Kids Channel India - Hindi Rhymes and Baby Songs,Education,18.5M,,92.9K,835,0,
298,CookieSwirlC,CookieSwirlC,Video games,18.5M,United States,227.3K,2.4K,497,
299,TheElenaYa,Diana and Roma EN,Animation,18.5M,,749.9K,3.3K,0,Toys
300,CKN,CKN,Video games,18.3M,,235.3K,1.4K,0,Toys
301,Heidi & Zidane बच्चों की कहानियाँ,Heidi & Zidane बच्चों की कहानियाँ,Daily vlogs,18.3M,,124.1K,546,0,
302,kbsworld,KBS WORLD TV,,18.3M,Indonesia,6.7K,220,9,
303,ElTrollino,ElTrollino,Animation,18.3M,Mexico,2.6M,243.2K,1.6K,Video games
304,HiMan,HiMan,Video games,18.3M,Russia,1.6M,73.8K,2.3K,
305,Emiway Bantai,Emiway Bantai,Music & Dance,18.3M,India,1.6M,185.4K,20.5K,
306,turmadamonicaTV,Turma da Mônica,,18.3M,,181.1K,1.1K,0,
307,TheOdd1sOut,TheOdd1sOut,Movies,18.3M,United States,2.4M,284.6K,8K,Animation
308,Unbox Therapy,Unbox Therapy,Science & Technology,18.3M,United States,1.3M,23K,2.3K,
309,Ninja Kidz TV,Ninja Kidz TV,Video games,18.2M,United States,793.9K,18.8K,1.3K,
310,Khan GS Research Centre,Khan GS Research Centre,Education,18.2M,India,4.4M,0,25.9K,
311,Мирошка ТВ,Мирошка ТВ,,18.1M,United States,38.2K,67,4,
312,INCRÍVEL,INCRÍVEL,Animation,18.1M,,21.8K,970,26,
313,PDKFilms,PDK Films,Movies,18.1M,United States,442.4K,10.8K,417,Animation
314,farrukotv,Farruko,Music & Dance,18.1M,United States,332K,7.9K,354,
315,DanielSaboya,Dan-Sa / Daniel Saboya,Music & Dance,18.1M,Brazil,35.6K,1.4K,39,Animation
316,Village Cooking Channel,Village Cooking Channel,,18.1M,India,7.3M,254.6K,5.5K,
317,GEN HALILINTAR,GEN HALILINTAR,Music & Dance,18.1M,Indonesia,172.1K,7.4K,229,Humor
318,SCTVIndonesia,SCTV,Music & Dance,18.1M,Indonesia,21.1K,416,23,Movies
319,Naisa Alifia Yuriza (N.A.Y),Naisa Alifia Yuriza (N.A.Y),Music & Dance,17.9M,Indonesia,540.1K,26.7K,352,Movies
320,Vlad and Niki IDN,Vlad and Niki IDN,Music & Dance,17.9M,,708.5K,2.6K,0,Movies
321,Like Nastya Vlog,Like Nastya Vlog,Daily vlogs,17.9M,,415.9K,1.8K,0,
322,ThePoznavatel,Познаватель,Toys,17.9M,Russia,2.7M,57.4K,2.2K,DIY & Life Hacks
323,dj47maryn,Marmok,Animation,17.9M,Russia,3.8M,0,9.2K,Video games
324,Lil Pump,Lil Pump,Music & Dance,17.9M,United States,0,0,0,
325,Matroix,Ali-A,Video games,17.9M,United States,575K,17.5K,751,
326,Little Angel Español - Canciones Infantiles,Little Angel Español - Canciones Infantiles,Animation,17.9M,,648K,3.9K,0,
327,rhettandlink2,Good Mythical Morning,Food & Drinks,17.9M,United States,1.1M,32.8K,1.4K,
328,therealdemilovato,Demi Lovato,Music & Dance,17.9M,United States,32.9K,2.8K,66,
329,Junya Official Channel,Junya Official Channel,,17.8M,Japan,989.2K,12.4K,71,
330,etvteluguindia,etvteluguindia,,17.7M,India,19.9K,225,4,
331,TheGrefg,TheGrefg,Animation,17.7M,Spain,1M,63.9K,1.3K,Video games
332,SockeyeMedia,Mother Goose Club Playhouse,Music & Dance,17.7M,,56K,142,0,
333,rsiammusic,RsiamMusic : อาร์สยาม,Music & Dance,17.7M,Thailand,10.4K,255,8,
334,SebastianYatra,Sebastián Yatra,Music & Dance,17.7M,Colombia,9.7K,729,57,
335,TEDEducation,TED-Ed,Science & Technology,17.6M,United States,333.2K,14.6K,527,
336,Rafa & Luiz,Rafa & Luiz,Video games,17.6M,Brazil,697.6K,39.7K,972,
337,Maya and Mary,Maya and Mary,Toys,17.6M,,17.6K,0,0,Education
338,DUDU e CAROL,DUDU e CAROL,,17.4M,Brazil,2.5M,168.8K,1.2K,
339,Sourav Joshi Vlogs,Sourav Joshi Vlogs,Daily vlogs,17.4M,India,5.9M,533.4K,14.4K,
340,portadosfundos,Porta dos Fundos,Movies,17.4M,Brazil,784.1K,67.6K,767,Animation
341,RobleisIUTU,RobleisIUTU,Movies,17.4M,Argentina,801.9K,58.5K,1.2K,Animation
342,aMOODIEsqueezie,SQUEEZIE,,17.4M,France,5.1M,473.9K,8.4K,
343,Masha e o Urso,Masha e o Urso,,17.4M,,603.9K,3.7K,0,
344,SUPER SLICK SLIME SAM,SUPER SLICK SLIME SAM,,17.4M,Mexico,198.9K,5.3K,191,
345,grammygoldofficia,Grammy Gold Official,Music & Dance,17.4M,Thailand,12.4K,244,17,
346,Stubborn Facts,Stubborn Facts,,17.4M,India,63K,3.5K,179,
347,Willyrex,Willyrex,Video games,17.2M,Mexico,167.6K,13.8K,86,
348,ArabGamesNetwork,شبكة العاب العرب | Arab Games Network,,17.2M,Algeria,321.9K,29.2K,1.3K,
349,Dushyant kukreja,Dushyant kukreja,,17.2M,India,1.7M,107.2K,299,
350,Alejo Igoa,Alejo Igoa,DIY & Life Hacks,17.2M,Argentina,6.4M,118.6K,16.3K,
351,monstafluffmusicTV,7clouds,Music & Dance,17M,United States,253.1K,4.2K,174,
352,SOMOY TV,SOMOY TV,Daily vlogs,17M,Bangladesh,7.2K,169,11,
353,IGNentertainment,IGN,,17M,United States,59.7K,1.3K,141,
354,Jane ASMR 제인,Jane ASMR 제인,Daily vlogs,17M,United States,295.2K,5.3K,249,
355,JasonDerulo,Jason Derulo,Music & Dance,17M,United States,59K,3.6K,73,
356,Triggered Insaan,Triggered Insaan,Humor,17M,India,7.9M,931.6K,31.2K,
357,musicalrmastv,الـريماس - Al-Remas,Music & Dance,17M,Iraq,0,0,0,
358,Zhong,Zhong,,16.9M,United States,5.7M,310.7K,2.5K,
359,indiancomedy,Shemaroo Comedy,,16.8M,India,55.3K,626,22,
360,Goldmines Great Indian Comedy,Goldmines Great Indian Comedy,,16.8M,India,13.7K,187,10,
361,kidstvsongs,Doggy Doggy Cartoons,,16.8M,,3.1K,50,0,
362,Dan Rhodes,Dan Rhodes,Animation,16.8M,India,716.7K,48K,185,Toys
363,Dhar Mann,Dhar Mann,Health & Self Help,16.8M,United States,5.3M,102.5K,4.5K,
364,aynakoitsroi,Guava Juice,,16.8M,United States,153.9K,4K,392,
365,YOLO AVENTURAS,YOLO AVENTURAS,,16.8M,Mexico,2.1M,221K,1.5K,
366,Sidemen,Sidemen,Video games,16.8M,United Kingdom,7.2M,533.3K,8.7K,Humor
367,iberethenorio,Manual do Mundo,Science & Technology,16.8M,Brazil,717.2K,72.7K,705,
368,Tu COSMOPOLIS,Tu COSMOPOLIS,News & Politics,16.7M,Mexico,72.1K,5.8K,502,
369,SonyMusicSouthVEVO,SonyMusicSouthVEVO,Music & Dance,16.7M,,31.4K,574,11,
370,zbingzbing,zbing z.,Animation,16.6M,Thailand,399.4K,13.8K,449,Video games
371,Apple,Apple,Music & Dance,16.6M,,5.8M,93.4K,0,Animation
372,TheBrianMaps,TheBrianMaps,Video games,16.6M,Russia,3.1M,257.9K,9.3K,Humor
373,jquintanac5,DeToxoMoroxo,Movies,16.6M,Mexico,527.8K,23.6K,6.4K,Animation
374,rkddigital,RKD Studios,,16.6M,India,108K,2.5K,62,
375,tanboy kun,tanboy kun,Music & Dance,16.6M,Indonesia,2.1M,55.4K,2.3K,
376,Zuni and Family,Zuni and Family,Daily vlogs,16.6M,,82.2K,553,0,
377,Blippi - Educational Videos for Kids,Blippi - Educational Videos for Kids,Education,16.5M,,873.9K,3.1K,0,Toys
378,IDEAS EN 5 MINUTOS,IDEAS EN 5 MINUTOS,,16.5M,Mexico,31.5K,294,8,
379,Prajapati News,Prajapati News,,16.5M,India,23.6K,1.2K,73,
380,Fede Vigevani,Fede Vigevani,,16.4M,Mexico,3M,202.2K,7.4K,
381,Sandra Cires Art,Sandra Cires Art,,16.4M,Colombia,876.9K,42.6K,2.6K,
382,ppextras,ExtraPolinesios,Daily vlogs,16.4M,Mexico,91.8K,5.4K,60,
383,Katie Angel,Katie Angel,,16.3M,Mexico,499K,44.7K,107,
384,queenofficial,Queen Official,Music & Dance,16.3M,United States,182.5K,20.7K,1.4K,Movies
385,Antrax,Antrax,Video games,16.2M,Mexico,283.4K,20.3K,560,
386,lescopaque,Les' Copaque Production,,16.2M,Indonesia,173.5K,3.9K,36,
387,MatthewPatrick13,The Game Theorists,Science & Technology,16.2M,United States,3.4M,201.2K,9.4K,
388,NichLmao,NichLmao,Daily vlogs,16.2M,United States,7.5M,544.9K,4.6K,
389,El Reino a Jugar,El Reino a Jugar,Education,16.2M,,380.9K,1.1K,0,Toys
390,vice,VICE,News & Politics,16.2M,United States,261.5K,5.3K,1.1K,
391,Smile Family Spanish,Smile Family Spanish,,16.2M,,569.6K,3.7K,0,
392,marquesbrownlee,Marques Brownlee,Science & Technology,16.2M,United States,3.2M,118.2K,6.3K,
393,failarmy,FailArmy,Animation,16.2M,United States,3.5M,28.5K,1.9K,Humor
394,Kaykai Salaider,Kaykai Salaider,Movies,16.1M,Thailand,1.3M,104.7K,4.2K,Humor
395,MissaSinfonia,MissaSinfonia,Animation,16.1M,Mexico,0,0,0,Humor
396,Dangal TV Channel,Dangal TV Channel,,16.1M,India,129.6K,1.5K,7,
397,Camila Cabello,Camila Cabello,Music & Dance,16M,United States,26.2K,3.2K,107,Movies
398,boyceavenue,Boyce Avenue,Music & Dance,16M,Brazil,361.4K,10.2K,383,
399,AMARINTV : อมรินทร์ทีวี,AMARINTV : อมรินทร์ทีวี,News & Politics,16M,Thailand,8.4K,113,8,
400,Sony AATH,Sony AATH,,16M,Bangladesh,59.2K,1K,40,
401,KSIOlajidebtHD,JJ Olatunji,,16M,United States,6.9M,523.5K,23.5K,
402,Jason Vlogs,Jason Vlogs,Animation,16M,,333.6K,1.3K,0,Toys
403,Zappy Toons - Hindi Nursery Rhymes and Stories,Zappy Toons - Hindi Nursery Rhymes and Stories,Education,16M,,67.6K,308,0,
404,jeffreestar,jeffreestar,Beauty,16M,United States,412.3K,20.3K,571,
405,Aayu and Pihu Show,Aayu and Pihu Show,Movies,16M,India,2.5M,55.4K,4.2K,Humor
406,DopeLyrics,DopeLyrics,Music & Dance,16M,United States,8.2K,188,21,
407,Ivana Alawi,Ivana Alawi,Daily vlogs,16M,Philippines,4.1M,185.9K,10.4K,
408,News24page,News24,News & Politics,15.9M,India,3.9K,60,8,
409,MegatoadStonie,Matt Stonie,Food & Drinks,15.8M,United States,1.4M,80.6K,2.4K,
410,popchartbusters,Pop Chartbusters,Music & Dance,15.8M,India,17.4K,382,48,
411,PitbullMusic,Pitbull,Music & Dance,15.8M,United States,21.5K,1.7K,51,
412,JenniferLopez,Jennifer Lopez,Music & Dance,15.8M,,36.6K,2.8K,99,Movies
413,And TV,And TV,,15.8M,India,9K,110,4,
414,Enes Batur,Enes Batur,Video games,15.8M,Turkey,2.7M,191K,18.4K,Humor
415,movieclipsTRAILERS,Rotten Tomatoes Trailers,Movies,15.8M,United States,45.1K,715,85,Animation
416,AdMe,AdMe,Animation,15.8M,Russia,35K,1K,64,
417,MrBeast Shorts,MrBeast Shorts,Daily vlogs,15.7M,United States,13.8M,1.3M,4.1K,
418,OGatoGalactico,Gato Galactico | GALÁXIA,Animation,15.6M,Brazil,120.4K,5.4K,66,
419,Like Nastya VNM,Like Nastya VNM,,15.6M,,496.2K,0,0,
420,RomanAtwoodVlogs,Roman Atwood Vlogs,Movies,15.6M,United States,762.8K,27.3K,1K,Humor
421,alanalan9635,Stokes Twins,Video games,15.6M,United States,11.8M,433.1K,26.2K,Humor
422,RCTI - LAYAR DRAMA INDONESIA,RCTI - LAYAR DRAMA INDONESIA,Music & Dance,15.6M,Indonesia,23.5K,357,25,Movies
423,Dyland PROS,Dyland PROS,Movies,15.6M,Indonesia,57.4K,3.3K,85,Animation
424,Daniel LaBelle,Daniel LaBelle,,15.5M,United States,3.4M,275.8K,5K,
425,LIV Crime,LIV Crime,Daily vlogs,15.5M,India,110.9K,1.2K,36,
426,CamiloMusicaVideo,Camilo,Music & Dance,15.4M,Colombia,329K,15.7K,145,
427,SriBalajiMovies,SriBalajiMovies,,15.4M,India,18.8K,155,2,
428,portalfitdance,FitDance,Music & Dance,15.4M,,35.7K,1.1K,20,
429,With Kids[위드키즈],With Kids[위드키즈],,15.4M,United States,99.7K,0,0,
430,T3DDYgames,T3ddy,Daily vlogs,15.4M,Brazil,715.7K,69.9K,2K,
431,LOKESH GAMER,LOKESH GAMER,,15.4M,India,376.6K,40K,1.6K,
432,Like Nastya IDN,Like Nastya IDN,Music & Dance,15.4M,,299.4K,0,0,Movies
433,SAM SMITH,SAM SMITH,,15.2M,United States,78K,3.9K,67,
434,Kerajinan 5-Menit,Kerajinan 5-Menit,Music & Dance,15.2M,Indonesia,21.5K,164,7,
435,bbtvch7,Ch7HD,,15.2M,Thailand,6.9K,165,2,
436,Oyuncak Avı,Oyuncak Avı,,15.2M,,67.8K,0,47,
437,popskids,POPS Kids,Animation,15.2M,Indonesia,5.1K,25,0,
438,PPMussas,Musas,Fashion,15.2M,Mexico,365.5K,18.8K,255,
439,laharimusic,Lahari Music | T-Series,Music & Dance,15.2M,India,39.1K,1.8K,11,
440,5-Minute Crafts FAMILY,5-Minute Crafts FAMILY,,15.2M,India,15.6K,149,7,
441,Wow Kidz Action,Wow Kidz Action,,15.2M,,315K,2K,0,
442,حِرف إبداعية في 5 دقائق,حِرف إبداعية في 5 دقائق,,15.2M,Egypt,32.4K,327,14,
443,TheRichest,TheRichest,News & Politics,15.2M,United States,31.4K,807,61,
444,LEGO,LEGO,Animation,15.2M,United States,37.4K,425,0,
445,GMMTVSPOTLIKE,GMMTV OFFICIAL​​,Music & Dance,15.1M,Thailand,30.2K,764,23,Movies
446,hejproducao,Henrique e Juliano,Music & Dance,15.1M,Brazil,109.7K,5.4K,174,
447,La Rosa de Guadalupe,La Rosa de Guadalupe,,15.1M,Mexico,25.5K,906,13,
448,ranziscool,Ranz Kyle,Humor,15M,Philippines,606.6K,23.5K,540,
449,ndtvindia,NDTV India,News & Politics,15M,India,9.7K,241,25,
450,ntvru,НТВ,News & Politics,15M,Russia,82.3K,901,216,
451,newvolgavideo,Volga Video,,15M,India,4K,37,1,
452,Harsh Beniwal,Harsh Beniwal,Movies,15M,India,10.7M,1M,68.9K,Humor
453,Mariale,Mariale,,15M,Mexico,195.3K,7.7K,290,
454,Super Senya,Super Senya,Animation,15M,,31.7K,150,0,Toys
455,TalkingFriends,Talking Tom & Friends,Animation,15M,United States,177K,1.9K,0,Humor
456,Busy Fun Ltd,Busy Fun Ltd,,15M,India,7M,28.2K,448,
457,Gulshan Kalra,Gulshan Kalra,,15M,India,7.7M,710.1K,1.1K,
458,elcanaldePlimPlim,Plim Plim - Kids Songs & Episodes - Spanish,Music & Dance,15M,,1.4M,5.8K,0,
459,Niana Guerrero,Niana Guerrero,Music & Dance,15M,Philippines,509.4K,20.5K,646,Humor
460,mkmusicnews,MK MUSIC,Music & Dance,15M,Brazil,29.1K,2.9K,49,
461,bbchindi,BBC News Hindi,News & Politics,15M,India,145.9K,0,172,
462,RiotGamesInc,League of Legends,Movies,15M,United States,252.3K,6.4K,195,Animation
463,Dave and Ava - Nursery Rhymes and Baby Songs,Dave and Ava - Nursery Rhymes and Baby Songs,Education,15M,,211.6K,777,0,
464,kwebbelkop,Kwebbelkop,Animation,15M,United States,160.3K,2.6K,263,Video games
465,narendramodionline,NMF News,News & Politics,14.9M,India,11.3K,260,28,
466,LinusTechTips,Linus Tech Tips,Science & Technology,14.8M,United States,1.3M,53.8K,2.6K,
467,thairathonline,Thairath Online,News & Politics,14.8M,Thailand,12.8K,178,19,
468,TWICE,TWICE,Music & Dance,14.8M,Philippines,723.4K,73.5K,867,Movies
469,News18 India,News18 India,News & Politics,14.8M,India,2.3K,37,1,
470,Lachlan,Lachlan,Video games,14.8M,United States,503.1K,22K,588,
471,Daftar Populer,Daftar Populer,News & Politics,14.8M,Indonesia,79.6K,1.5K,159,
472,Planeta das Gêmeas,Planeta das Gêmeas,Toys,14.8M,,232.5K,10.7K,0,
473,BollywoodClassics,Bollywood Classics,Music & Dance,14.8M,India,41.3K,214,12,
474,zncoficial,Zé Neto e Cristiano,,14.8M,Brazil,30.5K,2.3K,65,
475,iTownGamePlay,iTownGamePlay *Terror&Diversión*,News & Politics,14.8M,Mexico,87.2K,4.4K,211,
476,TeamFilmsBhojpuri,Team Films Bhojpuri,Music & Dance,14.8M,India,28.8K,1.2K,96,Movies
477,Fun For Kids TV - Hindi Rhymes,Fun For Kids TV - Hindi Rhymes,,14.8M,,1.3M,5K,0,
478,Vlad and Niki ESP,Vlad and Niki ESP,,14.7M,,1.4M,6.5K,0,
479,Zach Choi ASMR,Zach Choi ASMR,Daily vlogs,14.7M,United States,1.6M,151.2K,777,
480,CoryxKenshin,CoryxKenshin,Video games,14.7M,United States,5.3M,480K,44.2K,Humor
481,Mobile Legends: Bang Bang Official,Mobile Legends: Bang Bang Official,Movies,14.6M,Indonesia,273.1K,1.8K,14,Animation
482,collegehumor,CollegeHumor,Movies,14.6M,United States,205.1K,10.8K,748,Humor
483,IISuperwomanII,Lilly Singh,Animation,14.6M,United States,23.8K,0,88,Humor
484,majorlazer,Major Lazer Official,Music & Dance,14.6M,United States,12K,617,10,Movies
485,IDEIAS INCRÍVEIS,IDEIAS INCRÍVEIS,,14.6M,Brazil,14.7K,266,6,
486,jemproducoes,Jorge & Mateus Oficial,Music & Dance,14.6M,Brazil,596K,10.8K,242,
487,Johny FamilyShow,Johny FamilyShow,Music & Dance,14.6M,,117.5K,510,0,Toys
488,XpressTV,XpressTV,Science & Technology,14.6M,Mexico,1.2M,36.1K,430,
489,LEGENDA FUNK,LEGENDA FUNK,Music & Dance,14.6M,Brazil,6.2K,274,10,Animation
490,FueledByRamen,Fueled By Ramen,,14.6M,United States,18.2K,847,60,
491,حقائق وأسرار,حقائق وأسرار,,14.6M,Egypt,15.9K,892,71,
492,pognalishow,Дима Масленников,Video games,14.6M,Russia,5.6M,507K,16.4K,
493,Totoy kids - Español,Totoy kids - Español,Toys,14.6M,,1.4M,6.2K,0,
494,Arif muhammad,Arif muhammad,Music & Dance,14.6M,Indonesia,2.7M,67.7K,2.5K,Movies
495,Maha Fun Tv,Maha Fun Tv,,14.6M,India,512.6K,4.8K,167,
496,Canal Nostalgia,Canal Nostalgia,Science & Technology,14.6M,,86.6K,12.2K,154,
497,It's Mamix,It's Mamix,DIY & Life Hacks,14.6M,Russia,5.4M,355.5K,10K,
498,Unspeakable,Unspeakable,Video games,14.6M,United States,5.8M,93.5K,5.8K,Humor
499,Drawblogs,Drawblogs,Movies,14.6M,Mexico,29K,2.4K,67,Animation
500,That Little Puff,That Little Puff,,14.5M,United States,6M,388.6K,663,
501,MonsieurDream,Cyprien,Movies,14.4M,France,567K,29.8K,366,Animation
502,chadwildclay,Chad Wild Clay,Movies,14.4M,United States,1.7M,29.7K,3.9K,Humor
503,ChallengeAcceptedInc,Aphmau,Animation,14.4M,United States,2.1M,51.6K,3.4K,Video games
504,Boram Tube ToysReview [보람튜브 토이리뷰],Boram Tube ToysReview [보람튜브 토이리뷰],Daily vlogs,14.4M,,42.4K,354,0,
505,PlayStation,PlayStation,,14.4M,United States,43.5K,1.3K,169,
506,Gyan Gamingㅤ,Gyan Gamingㅤ,,14.4M,India,275.3K,31.3K,765,
507,Genierock,Genierock,Music & Dance,14.4M,Thailand,97.8K,1.9K,105,
508,MartinGarrix,Martin Garrix,Music & Dance,14.4M,United States,36.2K,1.6K,107,
509,Super Polina,Super Polina,,14.4M,Russia,4.6K,33,0,
510,theslowmoguys,The Slow Mo Guys,,14.4M,United States,2.3M,111.7K,4.4K,
511,zeefilmimusic,Zee Music Classic,,14.4M,India,2.8K,38,2,
512,انصالة فاميلي I أنس و أصالة,انصالة فاميلي I أنس و أصالة,,14.4M,Egypt,3.8M,228.3K,6.5K,
513,Taarak Mehta Ka Ooltah Chashmah,Taarak Mehta Ka Ooltah Chashmah,,14.4M,India,301.4K,4.6K,72,
514,SMOL,SMOL,,14.3M,India,175.1K,7.2K,9,
515,UFC,UFC - Ultimate Fighting Championship,Sports,14.3M,United States,120.3K,2.9K,278,
516,TheABSCBNNews,ABS-CBN News,News & Politics,14.3M,Philippines,4.5K,46,4,
517,CNN,CNN,Music & Dance,14.3M,United States,242.2K,3.8K,3.1K,Animation
518,A2 Motivation by {Arvind Arora},A2 Motivation by {Arvind Arora},,14.2M,India,512.5K,78K,335,
519,camilaloures,Camila Loures,Movies,14.2M,Brazil,250.7K,18.2K,285,Humor
520,O Canal do Joãozinho - Little Angel Português,O Canal do Joãozinho - Little Angel Português,Animation,14.2M,,775.2K,4.4K,0,
521,Daily Dose Of Internet,Daily Dose Of Internet,Animals & Pets,14.2M,United States,6.5M,308.9K,11K,
522,DM - Desi Melodies,DM - Desi Melodies,Music & Dance,14.2M,India,10.5M,640.6K,55.3K,
523,OfficialTrapCity,Trap City,Music & Dance,14.2M,United States,28.8K,1.5K,64,
524,fcbarcelona,FC Barcelona,Sports,14.2M,United States,187.3K,13.6K,197,
525,Blippi Español,Blippi Español,Toys,14.2M,,533.6K,2K,0,Education
526,#Refugio Mental,#Refugio Mental,Movies,14.2M,Argentina,730.9K,5.4K,86,
527,Трум Трум,Трум Трум,Humor,14.2M,,295.8K,3.5K,87,Toys
528,Auron,Auron,Video games,14M,Mexico,1.8M,102.1K,1.8K,
529,EdisonPts,EdisonPts,Video games,14M,Russia,1.8M,128.5K,4.4K,
530,AM3NlC,AM3NlC,Food & Drinks,14M,Brazil,179.6K,20.8K,283,
531,MasterskayaNastroeny,Мастерская Настроения,Movies,14M,Russia,321.3K,6.8K,150,Video games
532,F2Freestylers,F2Freestylers - Ultimate Soccer Skills Channel,Sports,14M,United Kingdom,1.9M,16K,451,
533,SaadLamjarredTV,Saad Lamjarred | سعد لمجرد,Music & Dance,14M,Morocco,9M,199.4K,21.6K,
534,MSA previously My Story Animated,MSA previously My Story Animated,Animation,14M,United States,6.8M,204.9K,7K,Humor
535,Doc Tops,Doc Tops,Animation,14M,Mexico,908.8K,53.6K,1K,
536,Shorts Break,Shorts Break,,14M,India,13M,791K,926,
537,Tsuriki Show,Tsuriki Show,,14M,India,1.7M,61.3K,28,
538,mispastelitosyoutub,Mis Pastelitos,Food & Drinks,14M,Mexico,984.7K,29.1K,1K,
539,Hongyu ASMR 홍유,Hongyu ASMR 홍유,ASMR,14M,United States,652.4K,10.4K,294,
540,MazhavilManorama,Mazhavil Manorama,,14M,India,5.1K,52,2,
541,NikkieTutorials,NikkieTutorials,Design/art,14M,United States,1.3M,87.6K,3.1K,Beauty
542,MY FAMILY,MY FAMILY,,14M,India,2.6M,11.2K,175,
543,RosannaPansino,Rosanna Pansino,DIY & Life Hacks,14M,United States,179.3K,9.5K,138,
544,bomberball,Bie The Ska,,14M,Thailand,472.6K,13.7K,260,
545,crashcourse,CrashCourse,Science & Technology,13.9M,United States,42.6K,2K,116,
546,Jake Fellman,Jake Fellman,,13.9M,United States,582.1K,23.4K,74,
547,vetealaversha,Darkar Company Studios,Animation,13.8M,Mexico,80.8K,9.9K,297,Video games
548,Kim Loaiza,Kim Loaiza,Music & Dance,13.8M,Mexico,13.3M,801.2K,104.3K,
549,MNCTVOfficial,MNCTV OFFICIAL,Music & Dance,13.8M,Indonesia,2.1K,35,1,
550,Kuplinov ► Play,Kuplinov ► Play,Video games,13.8M,Russia,1.3M,83.6K,2.3K,
551,Azhan5star,Azhan5star,,13.8M,India,2.8M,170.9K,267,
552,NOBRU,NOBRU,Video games,13.8M,Brazil,244.6K,31.4K,165,Toys
553,TazerCraft,TazerCraft,Movies,13.8M,Brazil,319.8K,20.3K,373,Animation
554,Zig & Sharko,Zig & Sharko,,13.8M,,129.6K,1.2K,0,
555,5-Minute Crafts Recycle,5-Minute Crafts Recycle,,13.8M,India,30K,272,8,
556,dangmattsmith,DangMattSmith,Animation,13.8M,,108.5K,4.7K,522,Humor
557,MAIKI021,MAIKI021,Movies,13.8M,Brazil,28.7K,3.4K,91,Animation
558,WWWengie,Wengie,DIY & Life Hacks,13.8M,United States,60.5K,3.7K,125,
559,SrtaLynaV,Lyna,Movies,13.8M,Mexico,331.2K,17.3K,1.1K,Animation
560,whoisjimmy,How Ridiculous,Video games,13.8M,United States,3.2M,97.6K,2.9K,
561,Aadishakti Films,Aadishakti Films,Music & Dance,13.8M,,109.9K,3.9K,385,
562,NehaKakkarOfficial,Neha Kakkar,Music & Dance,13.8M,India,2.1M,106K,500,
563,Harry Styles,Harry Styles,Music & Dance,13.8M,United States,1.6M,151.8K,3.2K,
564,ADEL et SAMI,ADEL et SAMI,Music & Dance,13.7M,France,69.7K,398,0,Humor
565,ABCNews,ABC News,News & Politics,13.6M,United States,12.9K,153,96,
566,Narins Beauty,Narins Beauty,,13.6M,Iraq,2.1M,206.9K,9K,
567,YOLO,YOLO,,13.6M,Mexico,655.8K,43K,575,
568,Vlad and Niki ARA,Vlad and Niki ARA,,13.6M,,381.4K,2.9K,0,
569,Wish 107.5,Wish 107.5,Music & Dance,13.6M,Philippines,155.3K,4.8K,240,
570,The World Adventures हिन्दी,The World Adventures हिन्दी,Daily vlogs,13.6M,,16.4K,840,28,
571,unknown boy varun,unknown boy varun,Music & Dance,13.6M,India,15.1M,1.6M,1.1K,
572,AzzyLand,AzzyLand,Animation,13.6M,United States,0,0,0,
573,ZEE5,ZEE5,,13.6M,India,269,3,0,
574,TV Ana Emilia,TV Ana Emilia,,13.6M,Mexico,176.7K,6.7K,539,
575,bandagarotasafada,Wesley Safadão,Music & Dance,13.6M,Brazil,0,0,0,
576,boplayhard,PlayHard,,13.6M,Brazil,338.6K,34.7K,121,
577,telemundotv,Telemundo,,13.6M,Argentina,6.3K,90,5,
578,Online Job,Online Job,,13.4M,India,8.6K,211,40,
579,Ajay Sharma,Ajay Sharma,,13.4M,India,2.3M,186.9K,149,
580,The MriDul,The MriDul,,13.4M,India,9M,302.2K,9.9K,
581,Infobells Bangla,Infobells Bangla,Education,13.4M,,321.8K,1.7K,0,
582,Kurt Hugo Schneider,Kurt Hugo Schneider,,13.4M,United States,117.4K,2.5K,98,
583,FAPtivi,FAPTV,Animation,13.4M,United States,1.5M,12K,783,Humor
584,AtlanticVideos,Atlantic Records,Music & Dance,13.4M,United States,11.3K,442,14,
585,123 GO! Spanish,123 GO! Spanish,Animation,13.4M,Mexico,419.6K,4.4K,76,
586,SRKASSAMESE,SRK MUSIC,Music & Dance,13.4M,India,243.4K,8.7K,416,
587,Coke Studio,Coke Studio,Music & Dance,13.4M,Pakistan,42.1K,2.3K,25,Movies
588,H2ODelirious,H2ODelirious,Animation,13.4M,United States,105.1K,6.3K,236,Video games
589,PrestonPlayz,PrestonPlayz,Animation,13.4M,United States,1.2M,24.4K,1.3K,Video games
590,MyMissAnand,MyMissAnand,Movies,13.4M,India,1.7M,48.3K,0,Humor
591,Alan Chikin Chow,Alan Chikin Chow,,13.4M,India,10.9M,304.6K,353,
592,bbcnews,BBC News,News & Politics,13.3M,United States,135.7K,1.9K,816,
593,OReinho,O Reino Infantil,Music & Dance,13.3M,,69.5K,314,0,
594,Like Nastya Stories,Like Nastya Stories,,13.3M,,143.1K,1K,0,
595,Dear Sir,Dear Sir,Education,13.2M,India,123.2K,8.1K,1K,
596,iloveindianmakeup,Anaysa,Movies,13.2M,India,875.9K,26.5K,811,Humor
597,Desi Gamers,Desi Gamers,,13.2M,India,643.8K,91.7K,5.2K,
598,HusamYK,Katakit Baby TV,Music & Dance,13.2M,Saudi Arabia,299.3K,3.5K,0,
599,ETV Jabardasth,ETV Jabardasth,,13.2M,India,140.3K,1.8K,38,
600,hamaarbhojpuri,T-Series Hamaar Bhojpuri,Music & Dance,13.2M,India,15.5K,1.1K,27,
601,The LaBrant Fam,The LaBrant Fam,Music & Dance,13.2M,United States,1.7M,0,0,Humor
602,theRadBrad,theRadBrad,Video games,13.2M,United States,161.7K,8.2K,812,
603,PozzitifonShow,Поззи,Video games,13.2M,Russia,812.6K,26.3K,1.7K,
604,The Q,The Q,,13.2M,United States,185.9K,9.8K,538,
605,PowerfulJRE,PowerfulJRE,Daily vlogs,13.2M,United States,529.3K,10.7K,2.1K,
606,KompasTVNews,KOMPASTV,News & Politics,13.2M,Indonesia,5.1K,36,16,
607,RayWilliamJohnson,Ray William Johnson,Animation,13.2M,United States,3.5M,321.1K,2.7K,Humor
608,Zeinab Harake,Zeinab Harake,Daily vlogs,13.1M,Philippines,2M,123.3K,3K,
609,djzoi0,Everson Zoio,Movies,13M,Brazil,379K,40.2K,2.5K,Animation
610,Alex Gonzaga Official,Alex Gonzaga Official,Music & Dance,13M,Philippines,2.5M,85.4K,1.7K,Humor
611,JDCav24,ATHLEAN-X™,Fitness,13M,United States,322.2K,15K,909,Health & Self Help
612,Sony Music South,Sony Music South,Movies,13M,India,115.5K,3.1K,108,Animation
613,typicalgamer,Typical Gamer,Video games,13M,United States,361.4K,9.6K,312,
614,NishaMadhulika,NishaMadhulika,Food & Drinks,13M,India,191.2K,4.8K,786,
615,VexTrex,VexTrex,,13M,,110.5K,0,0,
616,O Que Não Dizer Oficial,O Que Não Dizer Oficial,Movies,13M,Brazil,256.3K,35.2K,370,Animation
617,disneyjunior,Disney Junior,Music & Dance,13M,,94.9K,285,0,
618,1veritasium,Veritasium,Science & Technology,13M,United States,6.9M,146.4K,5.6K,
619,MattSDance,Matt Steffanina,Music & Dance,13M,United States,142.3K,8K,57,Movies
620,RedeTVhdBrasil,RedeTV,News & Politics,12.9M,Brazil,3.4K,106,3,
621,أترو/Atro,أترو/Atro,,12.9M,Iraq,402.8K,47.9K,8K,
622,Spider Slack,Spider Slack,,12.9M,Brazil,9.4M,801.6K,624,
623,StudyIQ IAS,StudyIQ IAS,Education,12.8M,India,17.4K,875,18,
624,Crescendo com Luluca,Crescendo com Luluca,Toys,12.8M,Brazil,1M,37.9K,3K,
625,jazzghost1,Jazzghost,Animation,12.8M,Brazil,877.5K,54.9K,1.6K,Video games
626,MstrJames,Hacksmith,Video games,12.8M,United States,480.7K,24.1K,204,
627,Lady Diana,Lady Diana,Music & Dance,12.8M,Russia,1.7M,56.3K,3.7K,
628,tseriesregional,T-Series Regional,Music & Dance,12.8M,India,4.4K,143,7,
629,MrSuicideSheep,MrSuicideSheep,,12.8M,United States,62.9K,3.2K,66,
630,einerdtv,Ei Nerd,Movies,12.8M,Brazil,257.2K,37.3K,1.2K,Animation
631,#Refúgio Mental,#Refúgio Mental,Movies,12.8M,Brazil,374.3K,6K,70,Animation
632,Bispo Bruno Leonardo,Bispo Bruno Leonardo,Music & Dance,12.8M,Brazil,836.2K,290.8K,231K,
633,MusicTalentNow,Top Viral Talent,,12.8M,United States,20.7K,299,15,
634,Sagawa /さがわ,Sagawa /さがわ,,12.8M,United States,274.7K,2K,45,
635,BBC,BBC,Movies,12.8M,United Kingdom,58.4K,907,56,
636,OficialHungria,Hungria Hip Hop,Music & Dance,12.8M,Brazil,2.1M,103.9K,3.4K,
637,rebeccazamolo1,Rebecca Zamolo,Video games,12.8M,United States,3.4M,65.3K,5.7K,Humor
638,GoldClassics,Goldmines Premiere,,12.8M,,7.7K,167,0,
639,Juliana Baltar,Juliana Baltar,Movies,12.8M,Brazil,281.8K,15.4K,442,Humor
640,ГЛЕНТ,ГЛЕНТ,Video games,12.8M,Russia,1.7M,167.2K,5.4K,
641,Narendra Modi,Narendra Modi,Science & Technology,12.8M,India,35.7K,1.7K,168,News & Politics
642,Akshay Nagwadiya,Akshay Nagwadiya,,12.8M,India,2M,125.3K,1K,
643,DJ Khaled,DJ Khaled,Music & Dance,12.8M,United States,373.1K,15.1K,918,
644,BIBO와 장난감,BIBO와 장난감,,12.6M,,56.3K,0,0,
645,Health Time,Health Time,Daily vlogs,12.6M,India,6.7K,260,9,
646,JOJO TV - Hindi Stories,JOJO TV - Hindi Stories,,12.6M,India,70.2K,494,5,
647,Knowledge Tv हिन्दी,Knowledge Tv हिन्दी,Education,12.6M,India,57.7K,2.1K,94,
648,zeebangla,Zee Bangla,,12.6M,India,12.4K,174,2,
649,awakeningrecords,Awakening Music,Music & Dance,12.6M,Indonesia,33.4K,2.3K,52,
650,MrSirpirriplin,Ami Rodriguez,,12.6M,Colombia,424.6K,18.6K,84,
651,gymvirtual,gymvirtual,Music & Dance,12.6M,Mexico,81.2K,2.8K,94,
652,karameeshchannel,karameeshchannel,Music & Dance,12.6M,Jordan,226.2K,1.4K,0,
653,htpunjabi,Lokdhun Punjabi,Music & Dance,12.6M,India,735.8K,683,124,
654,1032010814,TKOR,DIY & Life Hacks,12.6M,United States,53.7K,1.6K,100,
655,Blossom,Blossom,,12.6M,United States,33.2K,1K,12,
656,ماشا و الدب,ماشا و الدب,,12.6M,,822.6K,6.3K,0,
657,Kabita's Kitchen,Kabita's Kitchen,,12.6M,India,301.9K,7.4K,492,
658,Yoeslan,Yoeslan,,12.6M,India,3.9M,77.8K,117,
659,AdexeOficial,Adexe & Nau,Music & Dance,12.6M,Mexico,37K,2.4K,242,
660,Mythpat,Mythpat,,12.6M,India,3.4M,333.9K,17.9K,
661,Piuzinho,Piuzinho,Animation,12.6M,Brazil,280K,79.3K,3.3K,Humor
662,runway19co,キッズライン♡Kids Line,Toys,12.6M,,4.6K,0,0,Education
663,Blockbuster Movies,Blockbuster Movies,Daily vlogs,12.6M,India,47.5K,408,13,
664,canalparafernalha,Parafernalha,,12.6M,Brazil,31.1K,2.6K,15,
665,Melon City Show - برنامج ولاية بطيخ,Melon City Show - برنامج ولاية بطيخ,,12.6M,Iraq,465.3K,21.5K,342,
666,JesseAndMike,JesseAndMike,,12.6M,United States,986.2K,11.2K,261,
667,Brawl Stars,Brawl Stars,Animation,12.6M,United States,770.6K,57.5K,1.3K,
668,Come Play With Me,Come Play With Me,Toys,12.5M,,3.8M,0,0,
669,Marta and Rustam,Marta and Rustam,,12.5M,India,1.7M,59.3K,72,
670,FFUNTV,FFUNTV,,12.5M,United States,13.9M,608.4K,212,
671,OficialPeppa,Peppa Pig em Português Brasil - Canal Oficial,Movies,12.4M,,340.6K,2.3K,0,Animation
672,My Mate Nate,My Mate Nate,,12.4M,Thailand,1.7M,56.5K,923,
673,Meghan Trainor,Meghan Trainor,Music & Dance,12.4M,United States,29.8K,2K,36,
674,TalkingAngelaCat,Talking Angela,Music & Dance,12.4M,United States,99.4K,3.5K,122,
675,elliegoulding,elliegoulding,Music & Dance,12.4M,United States,16.1K,974,49,
676,caseyneistat,CaseyNeistat,Daily vlogs,12.4M,United States,1.6M,104.2K,7.2K,
677,TheDodoSite,The Dodo,Animals & Pets,12.4M,United States,464.1K,18.8K,823,
678,Gibby :),Gibby :),Movies,12.4M,Mexico,241.9K,11K,655,
679,LOUD,LOUD,,12.4M,Brazil,264K,16.8K,275,
680,Troom Troom India,Troom Troom India,,12.4M,India,291.2K,2.3K,44,
681,React,People Vs Food,Food & Drinks,12.4M,United States,228.1K,4.2K,379,
682,thinkmusicindia,Think Music India,Music & Dance,12.4M,India,88.5K,2K,41,
683,Troom Troom PT,Troom Troom PT,Toys,12.4M,Brazil,97K,2.2K,23,
684,Trakin Tech,Trakin Tech,News & Politics,12.4M,India,406.8K,25.2K,1.5K,
685,HZHtube Kids Fun,HZHtube Kids Fun,Animation,12.4M,,214.9K,1.1K,0,Toys
686,DeGoBooM,DeGoBooM,Movies,12.4M,Mexico,496.8K,15.7K,162,Animation
687,geonews,Geo News,News & Politics,12.4M,Pakistan,4.2K,63,5,
688,DisneyChannelUK,DisneyChannelUK,Movies,12.4M,,68.4K,1.3K,0,Humor
689,kidstvindia,Kids TV India Hindi Nursery Rhymes,Education,12.4M,,221.4K,1.4K,0,
690,LittleBabyBumEspanol,Little Baby Bum en Español,Education,12.4M,,41.8K,122,0,
691,gmanews,GMA News,News & Politics,12.4M,Philippines,3K,35,6,
692,JustForLaughsTV,Just For Laughs Gags,,12.4M,United States,42.3K,779,29,
693,RaptorGamer,RaptorGamer,Animation,12.2M,Mexico,462.9K,32K,861,Video games
694,officialfuturevideos,Future,Music & Dance,12.2M,United States,2.5M,92.7K,4.5K,
695,Bela Bagunça,Bela Bagunça,Movies,12.2M,Brazil,85.3K,3.9K,244,Animation
696,Más SKabeche,Más SKabeche,,12.2M,Mexico,1.3M,71.8K,1.5K,
697,Jamuna TV,Jamuna TV,News & Politics,12.2M,Bangladesh,19.5K,592,40,
698,FIFATV,FIFA,Sports,12.2M,United States,29.5K,1.5K,41,
699,htbhakti,Sonotek Bhakti,Music & Dance,12.2M,India,71.4K,876,48,
700,TastyCompot,Compot,Video games,12.2M,Russia,1M,49.9K,1.7K,
701,storybots,Netflix Jr.,Animation,12.2M,,32.8K,141,0,Humor
702,officialjassrecords,Jass Records,Music & Dance,12.2M,India,633.1K,10.5K,1.3K,
703,TheInfographicsShow,The Infographics Show,Education,12.2M,United States,227.8K,8.1K,293,
704,ndtv,NDTV,News & Politics,12.2M,India,2.8K,33,8,
705,BanderitaX,BanderitaX,Animation,12.2M,Saudi Arabia,1.2M,93.8K,3.7K,Video games
706,Americanvogue,Vogue,Fashion,12.2M,United States,210K,8.2K,354,
707,E-MasterSensei,E-MasterSensei,Movies,12.2M,Mexico,456.6K,37.2K,1.4K,Video games
708,TheDaniRep,DaniRep | +6 Vídeos Diarios De GTA 5 Online!,Animation,12.2M,Mexico,65.8K,5.7K,26,Video games
709,Kylie Jenner,Kylie Jenner,Beauty,12.2M,United States,593.8K,0,1.2K,
710,Technology Gyan,Technology Gyan,,12.2M,India,730.3K,41.9K,2.1K,
711,Panda,Panda,Animation,12.2M,India,735.4K,62.6K,1.9K,Toys
712,jordanmatter,Jordan Matter,Music & Dance,12.1M,United States,11.4M,226.3K,21.5K,Humor
713,Indore Physical Academy,Indore Physical Academy,,12.1M,India,114.8K,8.5K,83,
714,WiederDude,WiederDude,,12M,United States,1.6M,20.7K,277,
715,CHHOTU KI MASTI,CHHOTU KI MASTI,,12M,India,2.4M,17.7K,241,
716,Yudist Ardhana,Yudist Ardhana,Movies,12M,Indonesia,257.4K,7K,230,
717,Codiscos,Codiscos,Music & Dance,12M,,8.9K,209,8,
718,Ice Cream Rolls,Ice Cream Rolls,,12M,United States,41.3K,1.5K,83,
719,Troom Troom Indonesia,Troom Troom Indonesia,Music & Dance,12M,Indonesia,139.6K,1.4K,66,Movies
720,NormanFaitDesVideos,NORMAN FAIT DES VIDÉOS,Movies,12M,France,808.8K,64.3K,1.2K,Animation
721,Lulu99,Lulu99,,12M,Colombia,1.1M,59.3K,2.8K,
722,AvrilLavigne,Avril Lavigne,Music & Dance,12M,United States,274.3K,0,1.4K,
723,TV9 Bharatvarsh,TV9 Bharatvarsh,News & Politics,12M,India,4.5K,83,3,
724,Republic Bharat,Republic Bharat,News & Politics,12M,India,4.5K,0,6,
725,YairAuriazul,Yair17,Movies,12M,Mexico,238.5K,31.5K,652,Animation
726,colinfurze,colinfurze,Video games,12M,United States,0,0,0,
727,Planet Earth INDIA,Planet Earth INDIA,Daily vlogs,12M,India,73K,1.8K,144,
728,TiempodeSol,Duo Tiempo De Sol,Music & Dance,12M,,213.8K,1.7K,0,Animation
729,Rauw Alejandro,Rauw Alejandro,Music & Dance,12M,Peru,521.5K,26.5K,1.5K,
730,KaKa Kids TV - Nursery Rhymes Kids Animated Songs,KaKa Kids TV - Nursery Rhymes Kids Animated Songs,,12M,,1.5K,10,0,
731,sonyliv,SonyLIV,,12M,India,46.4K,546,17,
732,MrTimbaVk,Timba Vk,Animation,12M,Mexico,614.1K,32.5K,975,Video games
733,PANDA BOI,PANDA BOI,,11.9M,India,1.1M,86.3K,935,
734,eltreceok,El Trece,News & Politics,11.9M,,5.4K,42,9,
735,luansantanaoficial,Luan Santana,Music & Dance,11.9M,Brazil,740.1K,21.1K,699,
736,N1Noobtubers,웃웃TwinsFromRussia,Daily vlogs,11.8M,United States,73.2K,3.4K,17,
737,CNCO,CNCO,Music & Dance,11.8M,Mexico,52.4K,6.6K,364,
738,Akon,Akon,Music & Dance,11.8M,Brazil,0,0,0,
739,elrubius,Rubius Z,Movies,11.8M,Argentina,1.8M,145.7K,2.6K,Animation
740,TommyInnit,TommyInnit,Animation,11.8M,United States,2.4M,252.7K,11.1K,Video games
741,Nat and Essie,Nat and Essie,Toys,11.8M,United States,43K,683,0,
742,DANIEL EL TRAVIESO VIDEOS,DANIEL EL TRAVIESO VIDEOS,Animation,11.8M,Colombia,555K,0,1.1K,Humor
743,MrGear,MrGear,,11.8M,United States,41K,669,40,
744,TTfue,Tfue,Animation,11.8M,United States,116.9K,5.4K,242,Video games
745,Луномосик,Луномосик,Video games,11.8M,Russia,2.2M,41.1K,945,
746,KapilComedyNights,Colors Rishtey,,11.8M,India,5.5K,53,2,
747,Ben Azelart,Ben Azelart,Video games,11.8M,United States,6.7M,139.9K,10.3K,Humor
748,emma chamberlain,emma chamberlain,Food & Drinks,11.8M,United States,2.4M,180.1K,4.9K,
749,infobellskannada,infobells - Kannada,Education,11.8M,,186.7K,8.9K,0,
750,Kluna Tik,Kluna Tik,,11.8M,United States,134.1K,2.3K,190,
751,123 GO!,123 GO!,DIY & Life Hacks,11.8M,United States,377K,2.9K,65,
752,lucygerardi43,Luli Pampín,Music & Dance,11.8M,,985.2K,3.7K,0,Animation
753,MORGENSHTERN,MORGENSHTERN,Music & Dance,11.8M,Russia,1.1M,72.4K,3.4K,Movies
754,办公室小野 Ms Yeah,办公室小野 Ms Yeah,,11.8M,United States,503.2K,36.1K,40,
755,YoungBoy Never Broke Again,YoungBoy Never Broke Again,Music & Dance,11.8M,United States,1.7M,65.5K,2.6K,
756,FrontaL Gaming,FrontaL Gaming,Movies,11.8M,,95.3K,4.1K,177,Animation
757,Koo Koo TV - Hindi,Koo Koo TV - Hindi,,11.8M,India,220.5K,2.4K,87,
758,FirstWeFeast,First We Feast,Food & Drinks,11.8M,United States,137.4K,5.8K,276,
759,Dani Russo Tv,Dani Russo Tv,Animation,11.8M,,24.6K,2.9K,1.2K,Humor
760,SBTonline,SBT,,11.8M,Brazil,6.6K,166,3,
761,Mrwhosetheboss,Mrwhosetheboss,Science & Technology,11.8M,United States,4.9M,300.6K,7.3K,
762,MBCMASR,MBC مصر,,11.8M,Egypt,1.9K,25,1,
763,TsMadaan,TsMadaan,Education,11.7M,India,3.5K,269,8,
764,blackeyedpeasvideo,Black Eyed Peas,Music & Dance,11.6M,United States,18.5K,1K,10,
765,MTV2,Wild 'N Out,Music & Dance,11.6M,United States,291.7K,7.3K,223,Humor
766,MC Divertida,MC Divertida,Music & Dance,11.6M,,427.6K,3.5K,0,Movies
767,FelipeViktor,LipaoGamer,Movies,11.6M,Brazil,179.3K,9.3K,140,Animation
768,GoldminesAction,GoldminesAction,,11.6M,,19.1K,179,0,
769,Danny Fitt,Danny Fitt,,11.6M,Mexico,505.4K,45.1K,216,
770,Vlad and Niki PRT,Vlad and Niki PRT,,11.6M,,791.5K,0,0,
771,francoescamilla,Franco Escamilla,,11.6M,Mexico,431.7K,16.8K,200,
772,Biperysusamigos,Biper y sus Amigos,Music & Dance,11.6M,,185.5K,0,0,Movies
773,Lofi Girl,Lofi Girl,Music & Dance,11.6M,United States,99.4K,5K,143,
774,الجانب المُشرق | Bright Side Arabic,الجانب المُشرق | Bright Side Arabic,,11.6M,Egypt,21.7K,606,42,
775,hoiitsroi,Wassabi,Movies,11.6M,United States,152K,7.6K,969,Humor
776,MashaBearUkraine,Маша та Ведмідь,Education,11.6M,,182.4K,1K,0,
777,VyQwaint,Vy Qwaint,Video games,11.6M,United States,2M,32.9K,3.1K,Humor
778,BBCEarth,BBC Earth,,11.6M,United States,62.1K,2.2K,120,
779,Влад и Никита,Влад и Никита,Toys,11.6M,,897.2K,3.8K,0,
780,Garena Free Fire LATAM,Garena Free Fire LATAM,,11.6M,Mexico,27.5K,2.2K,123,
781,prantoniojunior,Pastor Antônio Júnior,Music & Dance,11.6M,Brazil,301.1K,71.5K,6.2K,
782,Pragati Verma Shorts,Pragati Verma Shorts,,11.5M,India,439.6K,54.9K,513,
783,YMWayneCarter,Lil Wayne,Music & Dance,11.4M,United States,0,0,0,
784,CrazyRussianHacker,CrazyRussianHacker,Animation,11.4M,United States,129.1K,3.7K,100,Toys
785,yogawithadriene,Yoga With Adriene,Fitness,11.4M,United States,464.8K,14.2K,2.1K,
786,UnspeakableGaming,UnspeakableReacts,Video games,11.4M,United States,306.4K,6.3K,587,
787,crackrockcandy,Maymo,,11.4M,United States,217.3K,710,42,
788,Quantum Tech HD,Quantum Tech HD,,11.4M,United States,1.4M,8.3K,137,
789,penguinz0,penguinz0,Animation,11.4M,United States,1.6M,94.1K,4.4K,Video games
790,ExpCaseros,ExpCaseros,DIY & Life Hacks,11.4M,Spain,74.3K,2.7K,186,Food & Drinks
791,pocoyotv,POCOYÓ en ESPAÑOL - Canal Oficial,,11.4M,,260.5K,875,0,
792,Tiana,Tiana,Video games,11.4M,United Kingdom,219.6K,7.2K,1K,Humor
793,Jaiden Animations,Jaiden Animations,,11.4M,United States,6.7M,452.1K,26.6K,
794,realannoyingorange,Annoying Orange,Movies,11.4M,United States,137.5K,4K,510,Animation
795,AlArabiya,AlArabiya العربية,News & Politics,11.4M,Algeria,3.1K,56,10,
796,elcarteldesantatv,elcarteldesantatv,Music & Dance,11.4M,Mexico,8.2M,300.4K,10.6K,
797,Diana and Roma IND,Diana and Roma IND,,11.4M,,436.9K,1.8K,0,
798,Ya - Alisa,Ya - Alisa,,11.4M,,1.8K,9,0,
799,bharatzkitchen HINDI,bharatzkitchen HINDI,,11.4M,India,259.4K,7.2K,255,
800,epicfortnite,Fortnite,Movies,11.4M,United States,218K,11.3K,365,Video games
801,FilmTheorists,The Film Theorists,Movies,11.4M,United States,3M,186.5K,8.6K,
802,mylifeaseva,MyLifeAsEva,Humor,11.4M,United States,29.5K,1.3K,26,
803,oyabakatousan,"Sen, Momo, Ai & Shii's Channel",Daily vlogs,11.4M,Japan,89.7K,631,2,
804,Pari's Lifestyle,Pari's Lifestyle,Daily vlogs,11.4M,India,910.3K,10.8K,280,
805,Kendrick Lamar,Kendrick Lamar,Daily vlogs,11.4M,United States,2.7M,226K,11K,
806,CaptainSparklez,CaptainSparklez,Video games,11.4M,United States,104.5K,8.6K,484,
807,Acenix,Acenix,Video games,11.4M,Mexico,1.4M,49.2K,1.5K,
808,CarryisLive,CarryisLive,,11.4M,India,709.7K,59.1K,383,
809,luzugames,luzugames,Animation,11.4M,Mexico,71.2K,5.6K,246,Video games
810,TheViralFeverVideos,The Viral Fever,Movies,11.4M,India,1.8M,116.2K,5.3K,Humor
811,Avocado Couple I Crazy Comics,Avocado Couple I Crazy Comics,,11.4M,United States,133.1K,1.4K,49,
812,Flowers Comedy,Flowers Comedy,,11.3M,India,140.4K,2.3K,74,
813,RS 1313 SHORTS,RS 1313 SHORTS,,11.3M,India,142.4K,5.9K,16,
814,IShowSpeed,IShowSpeed,Video games,11.3M,United States,1.6M,62.8K,2.7K,Humor
815,ElRinconDeGiorgio,El Rincón De Giorgio,Video games,11.3M,Spain,1.8M,182.8K,3.5K,
816,Taylor RS,Taylor RS,,11.2M,United States,96.1K,642,7,
817,ToysPlay,ToysPlay,Animation,11.2M,,287.6K,1.1K,0,Toys
818,RapGeniusVideo,Genius,Music & Dance,11.2M,United States,35.1K,4.7K,141,Movies
819,Virgínia Fonseca,Virgínia Fonseca,Movies,11.2M,Brazil,710.4K,57K,1.1K,Humor
820,BakLol Video,BakLol Video,Movies,11.2M,India,656.1K,11K,1.1K,Humor
821,watchcut,Cut,Humor,11.2M,United States,502.2K,17.8K,860,
822,Flamingo,Flamingo,Animation,11.2M,United States,1.4M,57.8K,6.6K,Video games
823,Morphle TV,Morphle TV,Animation,11.2M,,122.6K,0,0,Toys
824,Mo Vlogs,Mo Vlogs,Humor,11.2M,India,391.4K,21.5K,1.6K,Autos & Vehicles
825,TygaTygaTV,Tyga,Music & Dance,11.2M,United States,8.8M,227.5K,4.3K,
826,comedycentral,Comedy Central,Movies,11.2M,United States,28.5K,779,58,Humor
827,HellomaphieMX,HellomaphieMX,,11.2M,Mexico,38.5K,2.5K,98,
828,OGGY,OGGY,,11.2M,,266.1K,2.7K,0,
829,TWO SIDE GAMERS,TWO SIDE GAMERS,,11.2M,India,519.8K,43.5K,1.4K,
830,chotoonz,Chotoonz TV - Funny Cartoons for Kids,,11.2M,,41.4K,0,0,
831,Heidi y Zidane en español,Heidi y Zidane en español,Daily vlogs,11.2M,,861.2K,2.8K,0,
832,cbstvdinsideedition,Inside Edition,News & Politics,11.2M,United States,152.8K,3.8K,565,
833,viihtubeoficial,Viih Tube,,11M,Brazil,902.3K,64.5K,1.1K,
834,DemolitionRanch,DemolitionRanch,Video games,11M,United States,1.7M,69.8K,6.7K,
835,barbie,Barbie,,11M,,148.2K,877,0,
836,pinkfongko,핑크퐁 (인기 동요・동화),Education,11M,Algeria,62.8K,242,0,
837,ExplosmEntertainment,ExplosmEntertainment,Movies,11M,United States,190K,15.3K,169,Animation
838,Levinho,Levinho,,11M,India,173.5K,16.4K,541,
839,XHuevaX,Hueva,Video games,11M,Mexico,546.1K,10.5K,386,
840,Emily Tube,Emily Tube,Animation,11M,,180.1K,33,0,Toys
841,GamesEduUu,Games EduUu,Movies,11M,Brazil,899.3K,136.9K,3.5K,Toys
842,TrapMusicHDTV,TrapMusicHDTV,Music & Dance,11M,United States,71.6K,3.4K,144,
843,doctruyencotich,Kênh Thiếu Nhi - BHMEDIA,Music & Dance,11M,United States,17.4K,68,0,Animation
844,jpgameplayfull,JP Plays,Video games,11M,Brazil,91.3K,4.8K,109,
845,Oum Walid,Oum Walid,Education,11M,Algeria,428.8K,22.5K,1.3K,
846,OYUNCAKOYNUYORUM,OYUNCAKOYNUYORUM,,11M,,64.8K,402,0,
847,aljazeerachannel,AlJazeera Channel قناة الجزيرة,News & Politics,11M,Morocco,9.3K,122,40,
848,قناة وناسة -  Wanasah TV,قناة وناسة -  Wanasah TV,Music & Dance,11M,,995K,6.2K,0,
849,mrplotvideos,Mundo Bita,Music & Dance,11M,,1.7M,9.4K,0,Movies
850,sagahits,SagaHits,Music & Dance,11M,India,25.5K,1.2K,74,
851,HikakinTV,HikakinTV,Music & Dance,11M,Japan,1.5M,33.6K,1.8K,Humor
852,NEXT9NEWS हर खबर आप तक,NEXT9NEWS हर खबर आप तक,News & Politics,11M,India,3.1K,23,1,
853,videogyan,Videogyan Nursery Rhymes - Kids Songs & Cartoons,Animation,11M,,45K,196,0,
854,telugufilmnagar,Telugu Filmnagar,,11M,India,2.8K,40,1,
855,Slogomanify,Slogo,Video games,11M,United States,351.8K,14.2K,463,
856,BIBO и Игрушки,BIBO и Игрушки,Animation,11M,,64.3K,0,0,Toys
857,Jessica Jane,Jessica Jane,Food & Drinks,11M,Indonesia,1.5M,59.8K,1.9K,
858,Juanpa Zurita,Juanpa Zurita,,11M,Mexico,1.1M,68.2K,1.1K,
859,Dobre Brothers,Dobre Brothers,Movies,10.9M,United States,457.9K,18.5K,409,Humor
860,mirandasings08,Miranda Sings,Movies,10.8M,United States,0,0,0,Humor
861,Vox,Vox,News & Politics,10.8M,United States,1.2M,48.8K,1.4K,
862,Área Secreta,Área Secreta,Movies,10.8M,Brazil,55.6K,11.3K,1.9K,
863,NirahuaMusic,Nirahua Music World,,10.8M,India,816.7K,8.5K,184,
864,BE AMAZED,BE AMAZED,Education,10.8M,United States,423.2K,10.8K,504,
865,Pen Multiplex,Pen Multiplex,,10.8M,India,4.8K,58,3,
866,OfficiallyAnneMarie,Anne-Marie,Music & Dance,10.8M,India,269.9K,17.4K,658,
867,Milena Stepanienco - MILENINHA,Milena Stepanienco - MILENINHA,Movies,10.8M,Brazil,603K,4.6K,0,Animation
868,MrGustavoParodias,Gustavo Paródias,,10.8M,Brazil,476.3K,55.1K,124,
869,ctctv,СТС,Video games,10.8M,Russia,138.6K,1.3K,33,Humor
870,RDCGujarati,RDC Gujarati,Music & Dance,10.8M,India,21.8K,676,16,
871,Troom Troom Arabic,Troom Troom Arabic,,10.8M,Egypt,306.6K,6K,264,
872,zeetamil,Zee Tamil,,10.8M,India,12.8K,164,2,
873,ComedyShortsGamer,Deji,Animation,10.8M,United Kingdom,1.9M,0,5K,Humor
874,zeeqindia,Zee Kids,,10.8M,,6.1K,66,0,
875,WarnerBrosPictures,Warner Bros. Pictures,Movies,10.8M,United States,3.2M,35.7K,1.9K,Animation
876,Ceylin - H Official,Ceylin - H Official,Music & Dance,10.8M,Turkey,39.2K,0,0,
877,rathorvideo,Rathore Cassettes,,10.8M,India,6.3K,90,7,
878,Golemcito Games,Golemcito Games,Movies,10.8M,Peru,1.5M,174.1K,3.6K,Animation
879,historychannel,HISTORY,Movies,10.8M,United States,91K,2.2K,160,
880,Captain Watch Hits,Captain Watch Hits,,10.8M,India,11.2K,75,3,
881,NASAtelevision,NASA,News & Politics,10.7M,United States,124.1K,4.3K,0,Science & Technology
882,redbull,Red Bull,Sports,10.7M,United States,110.6K,11.7K,120,
883,tuzelity SHUFFLE,tuzelity SHUFFLE,,10.7M,India,723.1K,44.4K,274,
884,PrankvsPrank,Jesse,Music & Dance,10.7M,United States,262.5K,19.5K,2.2K,Humor
885,Joe HaTTab,Joe HaTTab,Movies,10.6M,Somalia,1.7M,123K,10.7K,
886,lincolnvelasquez,Cong TV,,10.6M,Philippines,3M,155.7K,3.3K,
887,ChuChuTV Hindi,ChuChuTV Hindi,Education,10.6M,,168.5K,1.2K,0,
888,Google,Google,,10.6M,United States,3.6K,58,0,
889,AdamThomasMoran,AdamThomasMoran,Video games,10.6M,Russia,1M,76.6K,1.1K,Humor
890,Goldmines Housefull,Goldmines Housefull,,10.6M,,11.9K,0,0,
891,Caso Cerrado,Caso Cerrado,Animation,10.6M,Mexico,528.6K,4.3K,135,
892,TikTak Draw,TikTak Draw,Animation,10.6M,Mexico,146.6K,7.2K,283,
893,DuDuPopTOY,DuDuPopTOY,Animation,10.6M,,10.7K,84,0,Humor
894,Pinkfong en español - Canciones Infantiles,Pinkfong en español - Canciones Infantiles,Animation,10.6M,,62.3K,133,0,Toys
895,설기양SULGI,설기양SULGI,ASMR,10.6M,United States,758.1K,19.3K,631,Food & Drinks
896,Peppa Pig Hindi,Peppa Pig Hindi,Education,10.6M,,594.5K,4.1K,0,
897,francinyehlke,Franciny Ehlke,Fashion,10.6M,Brazil,444.4K,45K,917,Design/art
898,stampylonghead,stampylonghead,Video games,10.6M,United States,71.1K,3.8K,763,
899,GoProCamera,GoPro,Sports,10.6M,United States,63K,1.8K,92,
900,ChillStepNation,Chill Nation,Music & Dance,10.6M,United States,38K,895,32,
901,Kids smile TV,Kids smile TV,Movies,10.6M,,142.4K,1.1K,0,Toys
902,MTV,MTV,Music & Dance,10.6M,United States,13.1K,483,30,Movies
903,KiKiDo,KiKiDo,Video games,10.6M,Russia,2.8M,66.1K,1.7K,Humor
904,Ryan Trahan,Ryan Trahan,Humor,10.6M,United States,2.8M,150.2K,9.2K,
905,sbtthenoite,The Noite com Danilo Gentili,Movies,10.6M,Brazil,6.1K,321,14,Humor
906,craftingeek,Craftingeek,,10.6M,Mexico,103.9K,2.9K,193,
907,Entertainment with Musa,Entertainment with Musa,,10.6M,Pakistan,296.9K,3.6K,103,
908,"Baby Big Mouth Kids - Sing, Dance, Explore","Baby Big Mouth Kids - Sing, Dance, Explore",Animation,10.6M,,538,6,0,Toys
909,destinws2,SmarterEveryDay,Science & Technology,10.6M,United States,0,0,0,
910,sadhguru,Sadhguru,Movies,10.6M,India,211.1K,8.4K,286,
911,Cris Devil Gamer,Cris Devil Gamer,Movies,10.6M,United States,548.1K,15.3K,514,Animation
912,soicon295,Magnet World,,10.6M,United States,61.6K,457,11,
913,BuzzFeedYellow,As/Is,Daily vlogs,10.6M,United States,15.1K,646,13,
914,Nao FunFun,Nao FunFun,Daily vlogs,10.6M,United States,2.2K,12,0,
915,CJENMMUSIC,Stone Music Entertainment,Music & Dance,10.6M,United States,5.1K,370,16,Movies
916,timesmusicindia,Times Music,Music & Dance,10.6M,India,8.7K,363,22,
917,Toymong tv 토이몽TV,Toymong tv 토이몽TV,,10.6M,,49.2K,316,0,
918,Ishaan Ali 11,Ishaan Ali 11,Daily vlogs,10.6M,India,4.5M,414.2K,900,
919,MeKcanal,Matheus e Kauan,Music & Dance,10.6M,Brazil,8.6K,597,6,
920,Stray Kids,Stray Kids,Music & Dance,10.6M,United States,674K,112.3K,3.7K,Movies
921,mamilosmolengas,Mussoumano,Music & Dance,10.6M,Brazil,2.1M,127.5K,9.2K,Animation
922,5-Minute Crafts LIKE,5-Minute Crafts LIKE,,10.5M,India,8.8K,78,2,
923,Sanjoy Das Official,Sanjoy Das Official,,10.5M,India,96.9K,20.5K,215,
924,tomiii 11,tomiii 11,Daily vlogs,10.5M,Mexico,177.9K,0,1.4K,
925,fouseyTUBE,fouseyTUBE,Humor,10.4M,United States,125.5K,4K,1.1K,
926,hasanjr11,hasanjr11,,10.4M,Indonesia,968.7K,17.2K,1.5K,
927,Hindi Kahaniya,Hindi Kahaniya,,10.4M,India,78.6K,1.1K,23,
928,LA DIVAZA,LA DIVAZA,Music & Dance,10.4M,Mexico,710.2K,52.1K,4.4K,Humor
929,atv,atv,Movies,10.4M,Turkey,11.5K,84,6,Animation
930,[햄지]Hamzy,[햄지]Hamzy,,10.4M,United States,344.7K,12.6K,109,
931,TwinRoozi 쌍둥이 루지,TwinRoozi 쌍둥이 루지,Daily vlogs,10.4M,Indonesia,216.4K,0,0,
932,MTflims,Tanner Fox,Autos & Vehicles,10.4M,,66.1K,4K,390,Humor
933,HISHEdotcom,How It Should Have Ended,Movies,10.4M,United States,151K,10K,130,Animation
934,BBCArabicNews,BBC News عربي,News & Politics,10.4M,Morocco,46K,653,75,
935,Playing with Rafael,Playing with Rafael,,10.4M,Brazil,2.3K,19,0,
936,Rawan and Rayan,Rawan and Rayan,,10.4M,Algeria,934.2K,63.8K,3.1K,
937,SaraBeautyCorner,"SaraBeautyCorner - DIY, Comedy, Makeup, Nail Art",DIY & Life Hacks,10.4M,United States,88.1K,3.8K,293,
938,TomorrowlandChannel,Tomorrowland,Music & Dance,10.4M,Brazil,35.3K,1.2K,59,
939,Hindi Fairy Tales,Hindi Fairy Tales,,10.4M,India,718K,9.6K,234,
940,Comedy Captain,Comedy Captain,,10.4M,India,7.8K,77,3,
941,Heroine Movies 2022,Heroine Movies 2022,Daily vlogs,10.4M,India,241.8K,1.4K,18,
942,Family Box,Family Box,Video games,10.4M,Russia,1.2M,39.9K,407,
943,AsapSCIENCE,AsapSCIENCE,Science & Technology,10.4M,United States,189.8K,7.6K,311,
944,PineappleStormTV,PineappleStormTV,Music & Dance,10.4M,Brazil,864.2K,553.9K,1.7K,
945,5-Minute Recipes,5-Minute Recipes,,10.4M,India,37.5K,385,10,
946,Talent Recap,Talent Recap,Music & Dance,10.4M,United States,76.6K,779,60,Movies
947,0214mex,はじめしゃちょー（hajime）,Music & Dance,10.4M,Japan,1.4M,31.8K,2.2K,Humor
948,Lorrayne Oliveira,Lorrayne Oliveira,Animation,10.4M,Brazil,632.3K,28.6K,1.1K,Humor
949,Receitas de Pai,Receitas de Pai,Food & Drinks,10.4M,Brazil,104.8K,14.3K,736,
950,GemaNadaPertiwi,GNP Music,Music & Dance,10.3M,Indonesia,34.9K,547,0,Animation
951,dednahype,dednahype,,10.3M,United States,596.4K,13.7K,45,
952,ChennaiExp2013,Red Chillies Entertainment,,10.3M,India,408.8K,3.8K,86,
953,Doctor Mike,Doctor Mike,Health & Self Help,10.2M,United States,1.4M,73.7K,2.5K,
954,T-STUDIO,T-STUDIO,,10.2M,Indonesia,21.7K,868,0,
955,Sab Kuchh Sekho Jano,Sab Kuchh Sekho Jano,News & Politics,10.2M,India,14.3K,920,30,
956,DalasReview,Dalas Review,Science & Technology,10.2M,Mexico,461.8K,40.2K,3.2K,
957,CS Bisht Vines,CS Bisht Vines,,10.2M,India,3.9M,38.8K,726,
958,DRJ Records Specials,DRJ Records Specials,,10.2M,India,16.6K,87,4,
959,Hindi Countdown,Hindi Countdown,Education,10.2M,India,1.1M,35.4K,991,
960,bhaktisongs,Shemaroo Bhakti,Music & Dance,10.2M,India,6K,86,8,
961,TeremokTV,Теремок ТВ,Video games,10.2M,,135.3K,474,0,
962,cleanbandit,Clean Bandit,Music & Dance,10.2M,United States,18.2K,2.5K,13,
963,JessicaJulioeBaby,Laurinha e Helena - Clubinho da Laura,Movies,10.2M,Brazil,135.2K,2.4K,0,Animation
964,SEVENGERS,SEVENGERS,,10.2M,India,5M,543.2K,831,
965,Patty Mayo,Patty Mayo,Movies,10.2M,United States,585.2K,22.1K,886,Humor
966,BrPVPHu3,João Caetano,,10.2M,Brazil,471.3K,38.2K,424,
967,singkingkaraoke,Sing King,Music & Dance,10.2M,United States,14.2K,188,11,
968,Viki Show,Viki Show,Video games,10.2M,Russia,1.1M,38.7K,1.9K,Toys
969,Painzeiro,Painzeiro,Daily vlogs,10.2M,Brazil,426K,23.4K,113,
970,Jugnu Kids - Nursery Rhymes and Best Baby Songs,Jugnu Kids - Nursery Rhymes and Best Baby Songs,Animation,10.2M,,345.6K,2.1K,0,
971,서은일상이야기,서은일상이야기,,10.2M,,10.7K,109,0,
972,UTKARSH CLASSES JODHPUR,UTKARSH CLASSES JODHPUR,Education,10.2M,India,139K,10.3K,199,
973,TeremokSongs,Теремок - Песенки для детей,Music & Dance,10.2M,Russia,86.7K,539,0,
974,вДудь,вДудь,News & Politics,10.2M,Russia,4.7M,128.4K,16.8K,
975,The Daily Show with Trevor Noah,The Daily Show with Trevor Noah,News & Politics,10.2M,United States,165.3K,9K,388,
976,EugenBro,EugenBro,Video games,10.2M,Russia,311K,15.7K,1.3K,
977,RUOK,RUOK,,10.2M,Brazil,327.9K,36.4K,1.8K,
978,Oneindia Hindi | वनइंडिया हिंदी,Oneindia Hindi | वनइंडिया हिंदी,News & Politics,10.2M,India,1.8K,19,1,
979,miniminter,Miniminter,Video games,10.2M,United Kingdom,1.4M,88.6K,1.4K,Humor
980,Dynamo Gaming,Dynamo Gaming,,10.2M,India,249.1K,26.3K,96,
981,Survival Builder,Survival Builder,,10.2M,United States,73.1K,1.5K,61,
982,ThePersica,Orkun Işıtmak,Animation,10.2M,Turkey,1.1M,47.3K,2.5K,
983,Islam Populer,Islam Populer,Education,10.2M,Indonesia,33.1K,1K,94,
984,Wylsacom,Wylsacom,News & Politics,10.1M,Russia,753.6K,24.5K,1.6K,
985,123 GO! Hindi,123 GO! Hindi,,10.1M,India,508K,3.8K,37,
986,مصطفى GAME OVER,مصطفى GAME OVER,,10M,Iraq,878.1K,104K,5.1K,
987,htv2channel,Vie Channel - HTV2,Music & Dance,10M,United States,73.4K,619,36,
988,BERTH-OH,BERTH-OH,Autos & Vehicles,10M,Mexico,318.6K,17.1K,333,
989,barcroftmedia,truly,News & Politics,10M,United States,25.4K,0,160,
990,Eagle Home Entertainments,Eagle Home Entertainments,,10M,India,1.4K,13,0,
991,Little Angel Bahasa Indonesia - Lagu Anak,Little Angel Bahasa Indonesia - Lagu Anak,Music & Dance,10M,,431.8K,3.2K,0,Toys
992,VYRLOriginals,VYRLOriginals,Music & Dance,10M,India,2.1M,9.8K,682,
993,behindwoodstv,BehindwoodsTV,,10M,,30.2K,1.1K,6,
994,familyfunpack,Family Fun Pack,,10M,United States,137.6K,2.6K,144,
995,ChuChuTV Español,ChuChuTV Español,Toys,10M,,45.3K,1K,0,
996,nhstudioz,NH Studioz,,10M,India,6K,46,1,
997,VitalyzdTv,VitalyzdTv,Humor,10M,United States,75.8K,3.4K,352,
998,Nickelodeon,Nickelodeon,Movies,10M,,60.2K,502,0,Animation
999,Netflix Latinoamérica,Netflix Latinoamérica,,10M,,25.9K,898,44,
1000,SULE PRODUCTIONS,SULE PRODUCTIONS,,10M,Indonesia,352.7K,5.7K,424,
954,T-STUDIO,T-STUDIO,,10.2M,Indonesia,21.7K,868,0,
956,DalasReview,Dalas Review,Science & Technology,10.2M,Mexico,461.8K,40.2K,3.2K,
958,DRJ Records Specials,DRJ Records Specials,,10.2M,India,16.6K,87,4,
961,TeremokTV,Теремок ТВ,Video games,10.2M,,135.3K,474,0,
962,cleanbandit,Clean Bandit,Music & Dance,10.2M,United States,18.2K,2.5K,13,
963,JessicaJulioeBaby,Laurinha e Helena - Clubinho da Laura,Movies,10.2M,Brazil,135.2K,2.4K,0,Animation
965,Patty Mayo,Patty Mayo,Movies,10.2M,United States,585.2K,22.1K,886,Humor
966,BrPVPHu3,João Caetano,,10.2M,Brazil,471.3K,38.2K,424,
970,Jugnu Kids - Nursery Rhymes and Best Baby Songs,Jugnu Kids - Nursery Rhymes and Best Baby Songs,Animation,10.2M,,345.6K,2.1K,0,
972,UTKARSH CLASSES JODHPUR,UTKARSH CLASSES JODHPUR,Education,10.2M,India,139K,10.3K,199,
981,Survival Builder,Survival Builder,,10.2M,United States,73.1K,1.5K,61,
985,123 GO! Hindi,123 GO! Hindi,,10.1M,India,508K,3.8K,37,
989,barcroftmedia,truly,News & Politics,10M,United States,25.4K,0,160,
990,Eagle Home Entertainments,Eagle Home Entertainments,,10M,India,1.4K,13,0,
992,VYRLOriginals,VYRLOriginals,Music & Dance,10M,India,2.1M,9.8K,682,
993,behindwoodstv,BehindwoodsTV,,10M,,30.2K,1.1K,6,
994,familyfunpack,Family Fun Pack,,10M,United States,137.6K,2.6K,144,
996,nhstudioz,NH Studioz,,10M,India,6K,46,1,
997,VitalyzdTv,VitalyzdTv,Humor,10M,United States,75.8K,3.4K,352,
998,Nickelodeon,Nickelodeon,Movies,10M,,60.2K,502,0,Animation
999,Netflix Latinoamérica,Netflix Latinoamérica,,10M,,25.9K,898,44,
1000,SULE PRODUCTIONS,SULE PRODUCTIONS,,10M,Indonesia,352.7K,5.7K,424,
995,ChuChuTV Español,ChuChuTV Español,Toys,10M,,45.3K,1K,0,