S.no,instagram name,name,Country,Category-1,Category-2,Followers,"Eng. (Auth.
","Eng. (Avg.)
"
1,cristiano,Cristiano Ronaldo,India,Sports with a ball,,483.1M,4.5M,5.6M
2,kyliejenner,Kylie ğŸ¤,United States,Fashion,Modeling,370M,2.8M,4.4M
3,leomessi,Leo Messi,Indonesia,Sports with a ball,Family,357.8M,3.2M,4.1M
4,arianagrande,Ariana Grande,United States,Music,,331.6M,2.9M,4M
5,zendaya,Zendaya,United States,Cinema & Actors/actresses,Fashion,152.2M,4.8M,6.5M
6,virat.kohli,Virat Kohli,India,Sports with a ball,,215M,3.6M,4.1M
7,selenagomez,Selena Gomez,United States,Music,Lifestyle,347.6M,1.8M,2.3M
8,thv,V,South Korea,Music,,51.3M,13.1M,13.1M
9,lalalalisa_m,LISA,Indonesia,Music,,82.5M,6.7M,7.8M
10,taylorswift,Taylor Swift,Brazil,Music,,224.9M,2.1M,2.8M
11,beyonce,BeyonceÌ,United States,Music,Fashion,275.7M,1.5M,2.2M
12,billieeilish,BILLIE EILISH,United States,Music,,106.3M,3.8M,5M
13,justinbieber,Justin Bieber,Brazil,Music,,258.2M,1.4M,1.9M
14,neymarjr,NJ ğŸ‡§ğŸ‡·,Brazil,Sports with a ball,,178.7M,1.5M,2.2M
15,kendalljenner,Kendall,United States,Modeling,Fashion,258.2M,926.4K,1.5M
16,jin,Jin of BTS,United States,Music,,40M,8.9M,8.9M
17,agustd,SUGA of BTS ë¯¼ìœ¤ê¸°,South Korea,Lifestyle,Music,38.7M,9.2M,9.2M
18,jennierubyjane,J,Indonesia,Music,,70.1M,4.2M,5M
19,karolg,KAROL G,Mexico,Music,,56.2M,5M,6.1M
20,sooyaaa__,JISOOğŸ¤,Indonesia,Music,Beauty,64.5M,4.6M,5.3M
21,uarmyhope,jhope,South Korea,Art/Artists,Music,39.6M,7.9M,7.9M
22,khaby00,Khaby Lame,India,Sports with a ball,,79.8M,2.7M,3.7M
23,iamcardib,Cardi B,United States,Music,Fashion,140.8M,1.3M,1.9M
24,kimkardashian,Kim Kardashian,United States,Fashion,Beauty,330.3M,573.1K,807K
25,milliebobbybrown,Millie Bobby Brown,Brazil,Cinema & Actors/actresses,,58.5M,3.4M,4.3M
26,roses_are_rosie,ROSEÌ,Indonesia,Music,,63.2M,3.3M,3.8M
27,badbunnypr,,United States,Music,,43.1M,3.6M,5.6M
28,rkive,RM,,Lifestyle,Music,38.2M,6.1M,6.1M
29,jlo,Jennifer Lopez,United States,Music,Cinema & Actors/actresses,221.6M,796.1K,1M
30,zayn,Zayn Malik,India,Music,,46.9M,2.8M,4.4M
31,jungkook.97,ì „ ì •êµ­ ì´ì˜¬ì‹œë‹¤,,Music,,46.5M,4.2M,4.2M
32,instagram,Instagram,India,Photography,,549.3M,288.5K,360.4K
33,bts.bighitofficial,BTS official,Indonesia,Music,,67.8M,2.5M,2.8M
34,kourtneykardash,Kourtney Kardashian Barker,United States,Lifestyle,,197.6M,668.3K,958.1K
35,champagnepapi,champagnepapi,United States,Music,,121.1M,854.2K,1.4M
36,therock,Dwayne Johnson,India,Cinema & Actors/actresses,Fitness & Gym,338.1M,360.2K,462.4K
37,kingjames,ğŸ‘‘,United States,Sports with a ball,,133M,623.6K,1.1M
38,narendramodi,Narendra Modi,India,Finance & Economics,Business & Careers,69.9M,1.8M,2M
39,khloekardashian,KhloeÌ Kardashian,United States,Clothing & Outfits,Lifestyle,272M,394.8K,489.7K
40,shawnmendes,Shawn Mendes,Brazil,Music,,70M,1.2M,1.8M
41,dualipa,DUA LIPA,United States,Music,,87M,1.1M,1.4M
42,dlwlrma,á„‹á…µá„Œá…µá„€á…³á†· IU,South Korea,Art/Artists,,27.8M,3.7M,4.4M
43,eunwo.o_c,ì°¨ì€ìš°,Indonesia,Music,Lifestyle,30.5M,3.1M,3.9M
44,harrystyles,,United States,Music,Fashion,47.4M,1.8M,2.4M
45,katrinakaif,Katrina Kaif,India,Beauty,,67.3M,1.4M,1.6M
46,nasa,NASA,India,Science,Photography,82.9M,1.1M,1.3M
47,k.mbappe,Kylian MbappeÌ,France,Sports with a ball,,72.6M,975K,1.4M
48,adele,Adele,United States,Music,,50.9M,1.4M,2M
49,actorleeminho,á„‹á…µá„†á…µá†«á„’á…© leeminho,Indonesia,Cinema & Actors/actresses,,30.8M,2.5M,3.2M
50,shraddhakapoor,Shraddha âœ¶,India,Cinema & Actors/actresses,,74.9M,1.1M,1.3M
51,shraddhakapoor,Shraddha âœ¶,India,Cinema & Actors/actresses,,74.9M,1.1M,1.3M
52,anushkasharma,AnushkaSharma1588,India,Cinema & Actors/actresses,,59.8M,1.4M,1.6M
53,realmadrid,Real Madrid C.F.,Spain,Sports with a ball,,125.2M,518.7K,720.8K
54,oliviarodrigo,Olivia Rodrigo,India,Music,Cinema & Actors/actresses,27.9M,2.5M,3.1M
55,blakelively,Blake Lively,United States,Cinema & Actors/actresses,,35.2M,1.5M,2.3M
56,nickiminaj,Barbie,United States,Music,,200.9M,252.5K,398.8K
57,handemiyy,Hande ErcÌ§el,Turkey,Cinema & Actors/actresses,,28.9M,2.1M,2.7M
58,georginagio,Georgina RodriÌguez,India,Lifestyle,Fashion,39.2M,1.4M,2M
59,haileybieber,Hailey Rhode Baldwin Bieber,United States,Lifestyle,Modeling,48M,1.2M,1.6M
60,sadiesink_,Sadie Sink,Brazil,Modeling,Lifestyle,24.8M,2.1M,3M
61,ester_exposito,Ester ğŸŒ™,Mexico,Cinema & Actors/actresses,,29.2M,1.7M,2.5M
62,fcbarcelona,FC Barcelona,Indonesia,Sports with a ball,,112.3M,417.5K,636.6K
63,willsmith,Will Smith,United States,Cinema & Actors/actresses,Music,63.5M,926.6K,1.1M
64,johnnydepp,Johnny Depp,India,Cinema & Actors/actresses,Music,27.7M,1.9M,2.5M
65,jongsuk0206,ì´ì¢…ì„,Indonesia,Cinema & Actors/actresses,,23.8M,2.2M,2.9M
66,kimberly.loaiza,KIM LOAIZA ğŸ–¤,Mexico,Clothing & Outfits,Lifestyle,36M,1.5M,1.8M
67,dovecameron,DOVE,United States,Cinema & Actors/actresses,,48.3M,1M,1.3M
68,beingsalmankhan,Salman Khan,India,Cinema & Actors/actresses,Art/Artists,54.3M,899.1K,1.2M
69,bellahadid,Bella ğŸ¦‹,United States,Modeling,,54.7M,700.7K,1.1M
70,karimbenzema,Karim Benzema,France,Sports with a ball,,57.9M,729.7K,1.1M
71,gigihadid,Gigi Hadid,United States,Modeling,Lifestyle,75.7M,544.9K,800.4K
72,bn_sj2013,á„‡á…¡á†¨á„‰á…¥á„Œá…®á†«,Indonesia,Cinema & Actors/actresses,Modeling,22.8M,2.2M,2.6M
73,lelepons,Lele Pons,Mexico,Music,,49.4M,759.9K,1.2M
74,gal_gadot,Gal Gadot,United States,Cinema & Actors/actresses,,86.7M,520.7K,673.1K
75,aliaabhatt,Alia Bhatt ğŸ¤â˜€ï¸,India,Cinema & Actors/actresses,,70M,662.3K,820.1K
76,ddlovato,Demi Lovato,United States,Music,,139.5M,318K,411.9K
77,blackpinkofficial,BLÎ›Æ†KPIĞ˜K,Indonesia,Music,,49.7M,917.7K,1.1M
78,maluma,MALUMA,Italy,Music,,62.9M,577.9K,890.4K
79,charlidamelio,charli,United States,Lifestyle,Shows,49.2M,963.1K,1.1M
80,niallhoran,Niall Horan,United States,Music,,30.5M,1.2M,1.7M
81,zacefron,Zac Efron,United States,Cinema & Actors/actresses,,54.7M,639.5K,926.6K
82,virginia,Virginia Fonseca Costa,Brazil,Shows,Lifestyle,39.4M,819.8K,1.3M
83,theweeknd,The Weeknd,United States,Music,,43.4M,843.3K,1.1M
84,madisonbeer,Madison Beer,United States,Music,,32.6M,1M,1.5M
85,chrishemsworth,Chris Hemsworth,India,Cinema & Actors/actresses,,56M,667.1K,859.7K
86,camila_cabello,camila,Brazil,Music,,65.3M,538.9K,732.7K
87,realstraykids,Stray Kids,Indonesia,Music,,22.8M,1.7M,2M
88,paulodybala,Paulo Dybala,Argentina,Sports with a ball,,48.6M,588.9K,942.7K
89,dojacat,Doja Cat,United States,Music,,24.4M,1.4M,1.9M
90,lilireinhart,Lili Reinhart,Brazil,Cinema & Actors/actresses,,28.7M,1.1M,1.6M
91,robertdowneyjr,Robert Downey Jr. Official,India,Cinema & Actors/actresses,,53.2M,630.8K,789.5K
92,oohsehun,SEHUN,Indonesia,Music,,23.2M,1.5M,1.8M
93,natgeo,National Geographic,United States,Nature & landscapes,Science,239.5M,135.8K,172.9K
94,whinderssonnunes,Whindersson Nunes,Brazil,Humor & Fun & Happiness,,58.8M,457.2K,704.2K
95,priyankachopra,Priyanka,India,Cinema & Actors/actresses,,82.3M,409.1K,497.3K
96,songkang_b,á„‰á…©á†¼á„€á…¡á†¼,Mexico,,,14.8M,2M,2.7M
97,chrisevans,Chris Evans,United States,Cinema & Actors/actresses,,17.8M,1.9M,2.3M
98,vindiesel,Vin Diesel,Brazil,Cinema & Actors/actresses,,82.9M,377.1K,488.2K
99,marcelotwelve,Marcelo Vieira,Spain,Sports with a ball,,58.7M,458.1K,680.3K
100,tchalamet,TimotheÌe Chalamet,United States,Cinema & Actors/actresses,,18M,1.3M,2.2M
101,nehakakkar,Neha Kakkar (Mrs. Singh),India,Music,,71.1M,460.2K,536.9K
102,iamsrk,Shah Rukh Khan,India,Cinema & Actors/actresses,,30.6M,976.1K,1.2M
103,samantharuthprabhuoffl,Samantha,India,Beauty,Modeling,24.3M,1.2M,1.5M
104,championsleague,UEFA Champions League,Brazil,Sports with a ball,,98.3M,267K,363.7K
105,twicetagram,TWICE,Indonesia,Music,Modeling,26.7M,1.1M,1.3M
106,kritisanon,Kriti,India,Modeling,,50.8M,600.1K,699K
107,rashmika_mandanna,Rashmika Mandanna,India,Beauty,Art/Artists,33.6M,915.2K,1.1M
108,iamzlatanibrahimovic,Zlatan IbrahimoviÄ‡,Italy,Sports with a ball,,55.7M,410.7K,632.5K
109,ursulolita,UÌrsula CorberoÌ âœ¨,Brazil,Cinema & Actors/actresses,Modeling,23.6M,1M,1.5M
110,hoooooyeony,Hoyeon,South Korea,Lifestyle,Music,22.9M,1.2M,1.5M
111,433,433,Spain,Sports with a ball,,51.8M,402.8K,668.7K
112,zefelipecantor,ZeÌ,Brazil,Music,,25M,786K,1.4M
113,mosalah,Mohamed Salah,Egypt,Sports with a ball,,52.8M,461.5K,653.9K
114,antonelaroccuzzo,Antonela Roccuzzo,Argentina,Modeling,Family,20.2M,1M,1.7M
115,tyga,T-Raww,United States,Music,,36.8M,619.3K,925.9K
116,lucas_xx444,LUCAS,Indonesia,Art/Artists,,11.5M,2.4M,3M
117,nike,Nike,United States,Fitness & Gym,Shopping & Retail,238.5M,109.5K,142.2K
118,addisonraee,Addison Rae,United States,Beauty,,39.8M,538.9K,831.6K
119,jacksonwang852g7,Jackson Wang,China,Music,,30.1M,920.9K,1.1M
120,madelame,Madelaine Petsch,Russia,Cinema & Actors/actresses,,25.2M,901.7K,1.3M
121,vinijr,Vinicius Jr. âš¡ï¸ğŸ‡§ğŸ‡·,Brazil,Sports with a ball,Lifestyle,23M,758.9K,1.4M
122,jenniferaniston,Jennifer Aniston,Brazil,Cinema & Actors/actresses,,40.8M,529.8K,768.9K
123,_rl9,Robert Lewandowski,Poland,Sports with a ball,,29.9M,819.9K,1M
124,alluarjunonline,Allu Arjun,India,Cinema & Actors/actresses,,19.3M,1.3M,1.6M
125,hi_high_hiy,á„’á…ªá†¼á„‹á…µá†«á„‹á…§á†¸,South Korea,Cinema & Actors/actresses,,14.8M,1.8M,2.1M
126,_jeongjaehyun,Jaehyun,Indonesia,,,12.5M,2M,2.5M
127,vancityreynolds,Ryan Reynolds,United States,Cinema & Actors/actresses,,45.3M,514K,676.7K
128,pewdiepie,PewDiePie,United States,Computers & Gadgets,,21.8M,1.2M,1.4M
129,mrbeast,MrBeast,United States,Shows,Humor & Fun & Happiness,20M,1.1M,1.5M
130,dishapatani,disha patani (paatni) ğŸ¦‹,India,Cinema & Actors/actresses,Lifestyle,53.7M,454.5K,559.6K
131,kartikaaryan,KARTIK AARYAN,India,Cinema & Actors/actresses,,26.1M,915K,1.1M
132,henrycavill,Henry Cavill,Brazil,Cinema & Actors/actresses,,21.8M,1.1M,1.4M
133,rosalia.vt,LA ROSALIÌA,Spain,Music,,22.2M,981.9K,1.3M
134,hardikpandya93,Hardik Himanshu Pandya,India,Sports with a ball,,23.2M,980.3K,1.2M
135,ronaldinho,Ronaldo de Assis Moreira,Brazil,Sports with a ball,,68M,236.9K,412.1K
136,davidbeckham,David Beckham,India,Family,Sports with a ball,75.3M,281.4K,361.2K
137,sydney_sweeney,Sydney Sweeney,United States,Lifestyle,Cinema & Actors/actresses,14.3M,994.8K,1.9M
138,sergioramos,Sergio Ramos,Spain,Sports with a ball,,53.3M,325.3K,498.6K
139,alexademie,,United States,Music,,11.5M,1.3M,2.3M
140,hi_songjoongki,á„‰á…©á†¼á„Œá…®á†¼á„€á…µ songjoongki official,Indonesia,Cinema & Actors/actresses,,9.7M,2M,2.8M
141,thenameisyash,Yash,India,Cinema & Actors/actresses,,11.3M,2M,2.3M
142,thedeverakonda,Vijay Deverakonda,India,Cinema & Actors/actresses,,17.5M,1.3M,1.5M
143,jamesrodriguez10,James RodriÌguez,Colombia,Sports with a ball,,50M,346.2K,526.4K
144,shakira,Shakira,India,Music,,76.2M,250.8K,343.3K
145,deepikapadukone,Deepika Padukone,India,Cinema & Actors/actresses,,69.1M,285.7K,372.7K
146,hegdepooja,Pooja Hegde,India,Cinema & Actors/actresses,,21.4M,1M,1.2M
147,rohittt_09_,ğ‘ğ¨ğ¡ğ¢ğ­ ğ™ğ¢ğ§ğ£ğ®ğ«ğ¤ğ ~ ğ«ğğšğœğ­ğ¢ğ¨ğ§ğ›ğ¨ğ¢ ğŸ’«,India,Shows,Lifestyle,24.1M,738.4K,1M
148,bizarrap,BZRP,Argentina,Music,,15.1M,1.3M,1.6M
149,norafatehi,Nora Fatehi,India,Cinema & Actors/actresses,Music,42.2M,473.5K,582.7K
150,manchesterunited,Manchester United,United Kingdom,Sports with a ball,,60.7M,251.4K,402.2K
151,sabrinacarpenter,Sabrina Carpenter,Brazil,Music,,27.7M,710K,871.4K
152,hazardeden_10,Eden Hazard,Spain,Sports with a ball,,27.2M,550.3K,887.1K
153,lewishamilton,Lewis Hamilton,Brazil,Racing Sports,,29.8M,557.4K,799.6K
154,urvashirautela,Urvashi Rautela,India,Cinema & Actors/actresses,,56.5M,356K,420.5K
155,emmachamberlain,emma chamberlain,United States,Lifestyle,Shows,16.1M,948.9K,1.5M
156,katyperry,KATY PERRY,Brazil,Music,,172.7M,106.5K,137.7K
157,sidhu_moosewala,Sidhu Moosewala (à¨®à©‚à¨¸à©‡ à¨†à¨²à¨¾),India,Lifestyle,,11.2M,1.8M,2.2M
158,saraalikhan95,Sara Ali Khan,India,Cinema & Actors/actresses,,41.1M,465.4K,567.9K
159,luisitocomunica,Luisillo El Pillo,Mexico,Humor & Fun & Happiness,Clothing & Outfits,32.5M,543K,717.5K
160,shahidkapoor,Shahid Kapoor,India,Cinema & Actors/actresses,,35.7M,572.3K,648.3K
161,paulpogba,Paul Labile Pogba,Brazil,Sports with a ball,,55.4M,231.4K,412.4K
162,casemiro,Casemiro,Brazil,Sports with a ball,,17.5M,870.7K,1.3M
163,emrata,Emily Ratajkowski,United States,Modeling,,29.4M,482.2K,769.7K
164,imhyoseop,ì•ˆíš¨ì„­,Indonesia,Lifestyle,,9M,2.2M,2.5M
165,hrithikroshan,Hrithik Roshan,India,Cinema & Actors/actresses,,43.9M,406.6K,514.9K
166,jichangwook,ì§€ì°½ìš±,Indonesia,Cinema & Actors/actresses,,21.4M,828.3K,1.1M
167,camimendes,camila mendes,Brazil,Cinema & Actors/actresses,,26.9M,594.8K,824.3K
168,na.jaemin0813,JAEMIN,Indonesia,,,10.1M,1.8M,2.2M
169,seonho__kim,á„€á…µá†·á„‰á…¥á†«á„’á…©,Indonesia,,,8.2M,2.2M,2.8M
170,zkdlin,KAI,Indonesia,Music,,14.2M,1.3M,1.6M
171,lanarhoades,Lana Rhoades,United States,Lifestyle,Modeling,16.6M,802.8K,1.3M
172,iambeckyg,Becky G,Mexico,Music,,33.6M,530.1K,638.9K
173,kiaraaliaadvani,KIARA,India,Cinema & Actors/actresses,,25.1M,754K,855.5K
174,varundvn,VarunDhawan,India,Cinema & Actors/actresses,,44.3M,395.4K,481.7K
175,akshaykumar,Akshay Kumar,India,Cinema & Actors/actresses,,63.3M,281.5K,334.6K
176,leedongwook_official,ì´ë™ìš± (Official_Instagram),Indonesia,Cinema & Actors/actresses,,14.8M,1.1M,1.4M
177,anitta,Anitta ğŸ¤,Brazil,Music,,63.3M,173.3K,324.6K
178,strangerthingstv,Stranger Things Netflix,Brazil,Cinema & Actors/actresses,Shows,22.6M,662.5K,886.6K
179,loganpaul,Logan Paul,United States,Fitness & Gym,,23.9M,625K,833.4K
180,jannatzubair29,Jannat Zubair Rahmani,India,Cinema & Actors/actresses,,44.5M,361.3K,440.2K
181,domelipa,domelipa,Mexico,Lifestyle,,19.9M,800K,974.6K
182,bambam1a,BamBam,Brazil,Music,,16.8M,925.8K,1.2M
183,daddyyankee,Daddy Yankee,Argentina,Music,,45.9M,303.3K,423.4K
184,erling.haaland,Erling Braut Haaland,Brazil,Lifestyle,Sports with a ball,18.3M,701K,1M
185,cznburak,Burak OÌˆzdemir,Turkey,Food & Cooking,,41M,341.3K,462.9K
186,miakhalifa,Mia K.,India,Fitness & Gym,Lifestyle,27.7M,416.9K,666.8K
187,onyourm__ark,Mark,Indonesia,Lifestyle,,9.4M,1.6M,2M
188,lilbaby,,United States,Music,,20.4M,485.9K,896.6K
189,anuel,â€œREAL HASTA LA MUERTEâ€,Spain,Music,,29.6M,404.2K,615.8K
190,enhypen,ENHYPEN,Indonesia,Lifestyle,,11M,1.2M,1.6M
191,iamhalsey,halsey,United States,Music,,30.6M,440.9K,580.3K
192,momo,ëª¨ëª¨ (MOMO),Turkey,Lifestyle,,8.1M,1.5M,2.2M
193,do0_nct,Doyoung,Indonesia,Lifestyle,,10.5M,1.3M,1.7M
194,zachking,Zach King,Indonesia,Shows,Humor & Fun & Happiness,24.4M,463.2K,713.4K
195,sunnyleone,Sunny Leone,India,Beauty,Cinema & Actors/actresses,54M,236.1K,320K
196,bbrightvc,bright,Indonesia,Cinema & Actors/actresses,,16.1M,887.5K,1.1M
197,lukamodric10,Luka Modric,Spain,Sports with a ball,,25M,468.1K,686.2K
198,gatenm123,Gaten Matarazzo,Brazil,Music,Cinema & Actors/actresses,18.8M,684K,903.4K
199,jamescharles,James Charles,United States,Beauty,,22.6M,510K,747.6K
200,kapilsharma,Kapil Sharma,India,Cinema & Actors/actresses,Shows,42.9M,346.5K,394.7K
201,serna_amini,Serna Amini,Iran,,,9.8M,1.3M,1.8M
202,josephquinn,Joseph Quinn,Brazil,Cinema & Actors/actresses,,8.6M,1.7M,2M
203,kajalaggarwalofficial,Kajal A Kitchlu,India,Cinema & Actors/actresses,,23.6M,589.9K,712.9K
204,louist91,Louis Tomlinson,Brazil,Music,,18.5M,665.3K,908.8K
205,madelyncline,Maddie,United States,Cinema & Actors/actresses,,12.6M,913.4K,1.3M
206,haileesteinfeld,hailee steinfeld,United States,Cinema & Actors/actresses,,19.7M,657.5K,834.8K
207,ladygaga,Lady Gaga,United States,Music,Cinema & Actors/actresses,53.2M,220.7K,309.1K
208,zidane,zidane,Spain,Sports with a ball,,33.9M,355.3K,484.5K
209,chrisbrownofficial,BREEZY,United States,Music,,118.8M,88.5K,137.9K
210,emmawatson,Emma Watson,United States,Literature & Journalism,Cinema & Actors/actresses,67.3M,177.2K,241.8K
211,nina,Nina Dobrev,Brazil,Cinema & Actors/actresses,,25.8M,432.3K,619.7K
212,brentrivera,Brent Rivera,United States,Music,Cinema & Actors/actresses,22.3M,558.1K,724.3K
213,anushkasen0408,Anushka Sen,India,Cinema & Actors/actresses,,38.6M,355.6K,415.1K
214,juandediospantoja,JD PANTOJA ğŸ‡²ğŸ‡½,Mexico,Music,Art/Artists,22.7M,617.7K,704.8K
215,emilia_clarke,,India,Cinema & Actors/actresses,,27M,468.7K,589.9K
216,itzy.all.in.us,ITZY,Indonesia,Music,,18M,720.1K,880.1K
217,carryminati,ğ‘¨ğ’‹ğ’†ğ’š ğ‘µğ’‚ğ’ˆğ’‚ğ’“,India,Computers & Gadgets,Machinery & Technologies,16.1M,830.3K,976.8K
218,nayeonyny,ë‚˜ì—° (NAYEON),Brazil,Lifestyle,,8.5M,1.6M,1.9M
219,riaricis1795,RICIS,Indonesia,Lifestyle,,32M,395.9K,484.5K
220,sidmalhotra,Sidharth Malhotra,India,Cinema & Actors/actresses,Modeling,20.8M,598.5K,744.3K
221,taeyeon_ss,TaeYeon,South Korea,Music,,18.8M,672.6K,817.8K
222,liluzivert,Lil Uzi Vert,United States,Music,,16.5M,511.1K,939.4K
223,annehathaway,Anne Hathaway,United States,Cinema & Actors/actresses,,24.9M,466.6K,614.8K
224,nct,NCT Official Instagram,Indonesia,Music,,14.7M,837.5K,1M
225,ananyapanday,Ananya ğŸ’›ğŸ’«,India,Cinema & Actors/actresses,,23.8M,544.6K,636.1K
226,thinkaboutzu,ì¯”ìœ„ (TZUYU),India,,,8.1M,1.6M,1.9M
227,tinistoessel,LaTripleT,Argentina,Music,,18.7M,604.2K,808.8K
228,m.by__sana,ì‚¬ë‚˜ (SANA),Yemen,Lifestyle,,7.6M,1.7M,2M
229,sachintendulkar,Sachin Tendulkar,India,Sports with a ball,Lifestyle,35.8M,343.6K,411.9K
230,janhvikapoor,Janhvi Kapoor,India,Lifestyle,Cinema & Actors/actresses,18.6M,664.4K,792.6K
231,tatawerneck,Tata Werneck,Brazil,Cinema & Actors/actresses,Family,54.3M,174.8K,271.3K
232,tigerjackieshroff,Tiger Shroff,India,Cinema & Actors/actresses,,35.9M,337.3K,411K
233,therealcalebmclaughlin,Caleb McLaughlin,United States,Cinema & Actors/actresses,Lifestyle,15.4M,644.2K,946K
234,jessicah_o,Jessi / á„Œá…¦á„‰á…µ,United States,Music,,12.7M,901.3K,1.2M
235,skuukzky,á„‰á…®á†½á„‹á…µ  ğŸ’„ğŸ’…ğŸ‘¡ğŸ‘ ğŸ€ğŸ‘™ğŸŒ‚ğŸ‘—ğŸŒ‚ğŸ€ğŸ’‹ğŸ’Œ,Indonesia,Clothing & Outfits,Music,18M,656.4K,810K
236,jbalvin,J Balvin,Mexico,Music,,52.9M,210.7K,276.6K
237,bretmanrock,Bretman (Da Baddest) Rock,United States,Art/Artists,Beauty,18.5M,466.6K,785.6K
238,iamferv,fer,Mexico,Lifestyle,Art/Artists,10.7M,922.8K,1.4M
239,awez_darbar,Awez Darbar,India,Shows,Cinema & Actors/actresses,23.8M,503.2K,602.9K
240,paulolondra,Paulo londra,Argentina,Music,,13.7M,669.6K,1M
241,somsomi0309,ENNIK ì „ì†Œë¯¸,Indonesia,Music,,15.7M,751.6K,908.9K
242,angelrai07,Angel Rai :),India,Cinema & Actors/actresses,Art/Artists,23.2M,512.8K,618.1K
243,theestallion,Megan Thee Stallion,United States,Music,,29.8M,274.6K,479.6K
244,lilyjcollins,Lily Collins,United States,Cinema & Actors/actresses,,26.8M,350.9K,522.5K
245,brunomars,Bruno Mars,Brazil,Music,,26.1M,356.8K,541.2K
246,keerthysureshofficial,Keerthy Suresh,India,Beauty,Cinema & Actors/actresses,13.6M,894.4K,1M
247,justintimberlake,Justin Timberlake,United States,Music,Art/Artists,65.8M,158.7K,212.1K
248,_imyour_joy,Joy,Indonesia,Lifestyle,,14.3M,809.1K,967.2K
249,michaelbjordan,Michael B. Jordan,United States,Cinema & Actors/actresses,,18.7M,442.7K,733.8K
250,riyaz.14,Riyaz Aly,India,Lifestyle,Art/Artists,27.4M,389.4K,507.1K
251,lizgillz,Elizabeth Gillies,Mexico,Music,Cinema & Actors/actresses,14M,666.1K,964.4K
252,greeicy,Greeicy,Colombia,Shows,Cinema & Actors/actresses,21.4M,471.1K,632.3K
253,carlinhosmaiaof,Carlinhos MaiağŸŒ»,Brazil,Lifestyle,,26.1M,287.6K,527.7K
254,iansomerhalder,iansomerhalder,United States,Cinema & Actors/actresses,,23.4M,378.7K,566.3K
255,marshmello,marshmello,United States,Music,,29.6M,308.2K,445.2K
256,kevinhart4real,Kevin Hart,United States,Cinema & Actors/actresses,,152.5M,68.9K,87.3K
257,dixiedamelio,dixie,United States,Music,Clothing & Outfits,24.7M,362.6K,531K
258,min9yu_k,ê¹€ë¯¼ê·œ,Indonesia,Music,,7.7M,1.4M,1.7M
259,chaeyo.0,ì±„ì˜ (CHAEYOUNG),Philippines,Lifestyle,,7.1M,1.7M,1.9M
260,aron.piper,ARONğŸŒœğŸŒ,Brazil,Music,Lifestyle,13.6M,508.5K,957.9K
261,ranveersingh,Ranveer Singh,India,Cinema & Actors/actresses,Modeling,41.1M,242.9K,316.2K
262,luissuarez9,Luis SuÃ¡rez,Brazil,Sports with a ball,,44.4M,195K,292.1K
263,postmalone,,United States,Music,,22.9M,366.4K,560.1K
264,katherinelangford,KATHERINE LANGFORD,India,Cinema & Actors/actresses,,29.7M,301K,429.2K
265,kehlani,Kehlani,United States,Music,Family,14.2M,573.5K,892.7K
266,coldplay,Coldplay,Brazil,Music,,18.6M,489.5K,682.4K
267,samoylovaoxana,Samoylova Oxana,Russia,Family,Lifestyle,15.3M,605K,820.4K
268,lestykejora,Lestikejora,Indonesia,Music,,26M,370.8K,479.9K
269,xxxibgdrgn,á„€á…¯á†«á„Œá…µá„‹á…­á†¼(æ¬Šå¿—é¾),Indonesia,Photography,Fashion,21.3M,453.6K,574.9K
270,garethbale11,Gareth Bale,Spain,Sports with a ball,,48.1M,161.5K,253.1K
271,yellow_3to3,REN JUN,Indonesia,Lifestyle,Music,6.3M,1.6M,2M
272,yoona__lim,,Indonesia,Cinema & Actors/actresses,,14.1M,724K,866.1K
273,sophiet,S O P H I E T U R N E R,United States,Cinema & Actors/actresses,,14.7M,608.8K,818.5K
274,_zyozyo,JIHYO,Indonesia,Lifestyle,,6.8M,1.4M,1.8M
275,holyhaein,ì •í•´ì¸,Indonesia,Lifestyle,Music,10.3M,946.5K,1.2M
276,heybiblee,á„‹á…µá„‰á…¥á†¼á„€á…§á†¼,Indonesia,Modeling,,14.5M,604.9K,816.6K
277,klrahul,KL RahulğŸ‘‘,India,Sports with a ball,,13.1M,709.6K,906.1K
278,e_xiu_o,XIUMIN,Indonesia,Music,,8.2M,1.3M,1.5M
279,brunamarquezine,Bruna Marquezine,Brazil,Cinema & Actors/actresses,,43.2M,159.6K,276.5K
280,manurios,Manu Rios,Mexico,Shows,,11M,637.6K,1.1M
281,m10_official,Mesut OÌˆzil,Turkey,Sports with a ball,,24.1M,346.5K,486K
282,ashishchanchlani,Ashish Chanchlani,India,Cinema & Actors/actresses,,14.6M,651.2K,796.2K
283,realbarbarapalvin,Barbara Palvin,Russia,Modeling,Fashion,18.3M,471.8K,636.7K
284,juliette,Juliette,Brazil,Cinema & Actors/actresses,,33.3M,223.4K,355.1K
285,bhuvan.bam22,Bhuvan Bam,India,Cinema & Actors/actresses,,14.8M,629K,778.6K
286,kunaguero,Sergio Leonel AguÌˆero,Argentina,Sports with a ball,,23.9M,278.5K,481.6K
287,wizkhalifa,Wiz Khalifa,India,Music,Art/Artists,39M,209K,292.6K
288,perrieedwards,Perrie Edwards ğŸ–¤,Brazil,Modeling,,15.9M,457.2K,713.6K
289,burakozcivit,Burak OÌˆzcÌ§ivit,Turkey,Cinema & Actors/actresses,,22.1M,426.4K,517.5K
290,kimjuncotton,SUHO,Indonesia,Lifestyle,Music,10.4M,920.8K,1.1M
291,psg,Paris Saint-Germain,Brazil,Sports with a ball,,62.7M,107.5K,179.5K
292,evaluna,Evaluna Montaner de Echeverry,Argentina,Family,Music,20.7M,392.1K,540.3K
293,iammichelemorroneofficial,Michele Morrone,Brazil,Lifestyle,Cinema & Actors/actresses,15.4M,508.9K,730.4K
294,asaprocky,GRIM,United States,Music,,15M,444.5K,742.7K
295,trippieredd,555,United States,Music,,13.1M,436K,854.1K
296,thenotoriousmma,Conor McGregor Official,United States,Fitness & Gym,,45.8M,166.5K,241.3K
297,mina_sr_my,ë¯¸ë‚˜ (MINA),Indonesia,,,6.7M,1.4M,1.7M
298,nicki.nicole,,Argentina,Music,,12.5M,590.8K,873.5K
299,cbum,Chris Bumstead,United States,Fitness & Gym,,10.3M,635.7K,1.1M
300,johnnyjsuh,Johnny Suh,Indonesia,Lifestyle,Music,8.8M,955.1K,1.2M
301,kevindebruyne,Kevin De Bruyne,United Kingdom,Sports with a ball,,19.1M,361.5K,559.4K
302,hi_sseulgi,ìŠ¬ê¸° Seulgi,Indonesia,Modeling,,12.7M,667.7K,836.9K
303,rauwalejandro,RAULEETO,Spain,Music,,15.1M,487.8K,708K
304,louispartridge_,LouisğŸ’,United States,Cinema & Actors/actresses,,7.5M,957.6K,1.4M
305,larasilva,Lara Silva âš ï¸,Brazil,Shows,Adult content,17.4M,394.5K,608.4K
306,eminem,Marshall Mathers,Iran,Cinema & Actors/actresses,Music,36.6M,221.2K,285.6K
307,keniaos,Kenia Os,Mexico,Music,,13.9M,576.3K,749.1K
308,bellathorne,BELLA,United States,Music,Art/Artists,25.4M,244.4K,410K
309,ross_lynch,Ross Shor Lynch,United States,Music,Cinema & Actors/actresses,10.9M,472K,942.5K
310,arigameplays,ARIGAMEPLAYS,Mexico,Lifestyle,Gaming,11.6M,732.7K,879.7K
311,fedez,FEDEZ,Italy,Music,,14.4M,513.6K,710.1K
312,txt_bighit,TOMORROW X TOGETHER OFFICIAL,Indonesia,,,12.9M,624.5K,788.2K
313,nattyiceofficial,natalia dyer,United States,Cinema & Actors/actresses,Modeling,9M,768.2K,1.1M
314,attahalilintar,Atta Halilintar - PAPATA,Indonesia,Art/Artists,Shows,24.1M,307.7K,420.5K
315,neslihanatagul,Neslihan AtaguÌˆl DogÌ†ulu,Turkey,Cinema & Actors/actresses,Modeling,13.5M,607.1K,775.6K
316,wizkidayo,BIG WIZğŸ¦…,Nigeria,Music,,15.2M,351.9K,681.6K
317,c.syresmith,Jaden Smith,United States,Cinema & Actors/actresses,Lifestyle,19.2M,337.1K,521.9K
318,xeesoxee,á„’á…¡á†«á„‰á…©á„’á…´,Indonesia,Lifestyle,,9.7M,793.7K,1M
319,sofiacarson,Sofia Carson,Brazil,Music,Cinema & Actors/actresses,20.4M,360.6K,488.9K
320,duki,Ya Supiste,Argentina,Music,,10.7M,601.9K,926.1K
321,mr_faisu_07,FAISAL SHAIKH,India,Modeling,Cinema & Actors/actresses,28.3M,278.3K,354.7K
322,taeoxo_nct,TAEYONG,Indonesia,Lifestyle,Music,9.7M,786.4K,1M
323,sureshraina3,Suresh Raina,India,Modeling,,21.2M,414.4K,467.4K
324,nct_dream,NCT DREAM OFFICIAL,Indonesia,Music,Modeling,10.5M,843.8K,942.8K
325,raphaelvarane,Raphael Varane,Spain,Sports with a ball,,19.6M,332.3K,498.7K
326,tenlee_1001,TEN_+â€¢10,Indonesia,Music,,10M,781K,1M
327,alexandradaddario,alexandra daddario,India,Cinema & Actors/actresses,,22.6M,353.9K,432.4K
328,winmetawin,Win Metawin O.,Philippines,Lifestyle,,14.1M,617.5K,698.9K
329,chiaraferragni,Chiara Ferragni âœ¨,Italy,Beauty,,27.9M,210.3K,349K
330,maya_hawke,Maya Hawke,United States,Cinema & Actors/actresses,,10.3M,683.5K,946.2K
331,sza,SZA,United States,Music,,12.6M,458K,774.2K
332,wwiinn_7,WINWIN,Indonesia,,,7.5M,1.1M,1.3M
333,chadwickboseman,Chadwick Boseman,Brazil,Cinema & Actors/actresses,Literature & Journalism,11.4M,602.3K,844.6K
334,jadepicon,JADE ğŸŒª,Brazil,Modeling,Fashion,21M,212.6K,466.4K
335,jy_piece,ìœ ì •ì—°,Brazil,,,5.5M,1.4M,1.8M
336,mont.pantoja,MONT,Mexico,,,12.4M,640.3K,761.6K
337,madhuridixitnene,Madhuri Dixit,India,Music,Cinema & Actors/actresses,33M,247.5K,286.3K
338,ibaillanos,Ibai,Spain,Art/Artists,,8.2M,806.8K,1.2M
339,marvelstudios,Marvel Studios,India,Cinema & Actors/actresses,Comics & sketches,38.3M,217.6K,244K
340,haechanahceah,HAECHAN,Indonesia,,,4.7M,1.8M,2M
341,khabib_nurmagomedov,Ğ¥Ğ°Ğ±Ğ¸Ğ± ĞÑƒÑ€Ğ¼Ğ°Ğ³Ğ¾Ğ¼ĞµĞ´Ğ¾Ğ²,Russia,Fitness & Gym,,33.6M,196.8K,276.1K
342,luisasonza,LUÃSA SONZA,Brazil,Music,Lifestyle,30.4M,193K,305.8K
343,hyunah_aa,Hyun Ah,South Korea,Music,,18.2M,415.6K,492.7K
344,aespa_official,aespa á„‹á…¦á„‰á…³á„‘á…¡,Indonesia,Music,,9.5M,662.9K,953.2K
345,juventus,Juventus,India,Sports with a ball,,55M,112.3K,164.9K
346,dahhyunnee,ë‹¤í˜„ (DAHYUN),Brazil,Music,,6.4M,1.2M,1.4M
347,michelleobama,Michelle Obama,United States,Finance & Economics,Business & Careers,51M,155K,173.1K
348,houseofhighlights,House of Highlights,United States,Sports with a ball,,36.1M,130K,238.1K
349,stephencurry30,Wardell Curry,United States,Sports with a ball,Family,46.2M,138.5K,185.3K
350,teddysphotos,Ed Sheeran,United States,Music,,40.5M,155.7K,211.8K
351,premierleague,Premier League,United Kingdom,Sports with a ball,,59.5M,97.9K,142.5K
352,avneetkaur_13,Avneet Kaur Official,India,Cinema & Actors/actresses,,32.6M,213.8K,260.5K
353,joeyking,Joey King,Brazil,Music,Cinema & Actors/actresses,19.1M,308.4K,441.4K
354,mingue.k,ê¹€ë¯¼ê·œ,Indonesia,Lifestyle,Music,6.3M,1.1M,1.4M
355,bighit_ent,BigHit Music Updates,Indonesia,Music,,12.8M,531.3K,654.7K
356,jairmessiasbolsonaro,Jair M. Bolsonaro,Brazil,Finance & Economics,Business & Careers,21.5M,288K,397.5K
357,demetozdemir,Demet OÌˆzdemir,India,Cinema & Actors/actresses,,15.6M,420.3K,536K
358,sommerray,Sommer Ray,United States,Modeling,,26.2M,202.7K,318.1K
359,auba,Pierre-Emerick Aubameyang,United Kingdom,Sports with a ball,,13.3M,393K,625K
360,bronny,,United States,Sports with a ball,Winter sports,6.6M,689.4K,1.3M
361,belindapop,Beli,Mexico,Music,,15.6M,369.3K,529.1K
362,m_kayoung,MUN KA YOUNG,Indonesia,Cinema & Actors/actresses,,8.6M,730.4K,972K
363,prattprattpratt,Chris Pratt,United States,Cinema & Actors/actresses,,38.9M,161.1K,210.9K
364,pubity,Pubity,United States,Humor & Fun & Happiness,,31.8M,175.9K,257.2K
365,yuyacst,ğ“¨ğ’–ğ’šğ’‚,Mexico,Modeling,,17.1M,309.4K,474.9K
366,anguscloud,Angus Cloud,United States,Music,,7.9M,631.3K,1M
367,liltjay,TJAYYYY ğŸ–¤,United States,Lifestyle,Music,7.6M,590.7K,1.1M
368,taina,TainaÌ Costa,Brazil,Music,,16.2M,239.5K,500.1K
369,alwaysramcharan,Ram Charan,India,Cinema & Actors/actresses,,8.4M,866.5K,970.4K
370,joaogomescantor,ACREDITE ğŸ§¡,Brazil,Music,Cinema & Actors/actresses,13.8M,214.2K,586.2K
371,_mariahwasa,HWASA,Brazil,Music,,8.3M,756.3K,975.9K
372,9gag,9GAG: Go Fun The World,Indonesia,Humor & Fun & Happiness,,58M,107.8K,138.1K
373,abdevilliers17,AB de Villiers,India,Sports with a ball,Lifestyle,19M,360.8K,416.3K
374,davido,Davido,Nigeria,Music,Lifestyle,25.2M,231.2K,323K
375,colesprouse,Cole Sprouse,United States,Modeling,,35.8M,168.7K,220.3K
376,adamweitsman,Adam Weitsman,Russia,Business & Careers,,18.5M,313.6K,427.6K
377,conangray,Conan Gray,Brazil,Music,,6.9M,781.3K,1.2M
378,anyataylorjoy,Anya Taylor-Joy,United States,Modeling,Cinema & Actors/actresses,9.1M,610.6K,880K
379,markruffalo,Mark Ruffalo,Brazil,Cinema & Actors/actresses,,20.9M,298.7K,375.9K
380,raffinagita1717,Raffi Ahmad and Nagita Slavina,Indonesia,Shows,,64.3M,83.6K,122.1K
381,lildurk,DURKIOOO,United States,Music,Art/Artists,14.2M,197.6K,556.7K
382,rohitsharma45,Rohit Sharma,India,Sports with a ball,Lifestyle,25M,276.8K,312.6K
383,easportsfifa,EA SPORTS FIFA,Spain,Sports with a ball,,27.4M,169.7K,284.8K
384,hshq,Harry Styles HQ,United States,Music,Cinema & Actors/actresses,6.7M,670.6K,1.2M
385,andressasuita,Andressa Suita,Brazil,Modeling,,15.8M,300.4K,498.4K
386,clean_0828,á„€á…µá†·á„‰á…¦á„Œá…¥á†¼,Indonesia,Lifestyle,,8.4M,756.6K,943.5K
387,geneliad,Genelia Deshmukh,India,Cinema & Actors/actresses,,10.5M,595.1K,737.2K
388,hassan_reyvandi,hasan reyvandi Ø­Ø³Ù† Ø±ÛŒÙˆÙ†Ø¯ÛŒ,Iran,Cinema & Actors/actresses,Humor & Fun & Happiness,19.8M,285.7K,395K
389,hannahstocking,Hannah Stocking,United States,Modeling,,22.8M,238.7K,339.3K
390,yuu_taa_1026,ä¸­æœ¬æ‚ å¤ªã€€YUTA,Indonesia,,,8.6M,697.2K,913.2K
391,nba_youngboy,PAIN REAL.ğŸ©¸,United States,Art/Artists,Music,10.6M,387.5K,749.8K
392,miguel.g.herran,Miguel HerraÌn,Brazil,Cinema & Actors/actresses,,13.7M,369.7K,556.3K
393,anupamaparameswaran96,Anupama Parameswaran,India,Cinema & Actors/actresses,,12.5M,531.8K,608.4K
394,dntlrdl,CHOIWOOSHIK,Indonesia,Lifestyle,,6.9M,852.4K,1.1M
395,gianlucavacchi,Gianluca Vacchi,Brazil,Lifestyle,,22.5M,217.9K,335.2K
396,antogriezmann,Antoine Griezmann,Spain,Sports with a ball,,36.6M,127.4K,205.4K
397,fabriziorom,Fabrizio Romano,Italy,Literature & Journalism,Shows,11M,395.7K,684.5K
398,britneyspears,Channel 8,United States,Music,,42.1M,130.3K,182.1K
399,jheneaiko,JheneÌ Aiko Efuru Chilombo ğŸ”®,United States,Music,,15.1M,282K,494.6K
400,alfinetei,Alfinetadas Dos Famosos ğŸ“Œ,Brazil,Humor & Fun & Happiness,,21.9M,154.6K,347.8K
401,prillylatuconsina96,Prilly Latuconsina,Indonesia,Cinema & Actors/actresses,Music,49.2M,107.8K,151.7K
402,kjapa,KJ Apa,United States,Cinema & Actors/actresses,,18.5M,281.6K,402.2K
403,juanpazurita,Juanpa Zurita,Mexico,Cinema & Actors/actresses,,30.5M,171K,243.4K
404,pugachevmark,Mark Pugachev,Russia,Cars & Motorbikes,Luxury,15.1M,334.7K,491.7K
405,layzhang,Lay Zhang,Indonesia,Music,,14.2M,499K,528.9K
406,maisa,#NAME?,Brazil,Music,,45M,121.2K,165.1K
407,hunterschafer,Hunter,United States,Lifestyle,Music,7.2M,633.4K,1M
408,amandacerny,Amanda ğ•®ğ–Šğ–—ğ–“ğ–,India,Humor & Fun & Happiness,,23.7M,194K,311K
409,alissaviolet,Alissa Violet,United States,Modeling,,11.8M,387.5K,623.4K
410,dindahw,Dinda Hauw,Indonesia,Cinema & Actors/actresses,,14.6M,336.2K,503.6K
411,lilyachty,C.V T,United States,Humor & Fun & Happiness,Lifestyle,10.4M,349.6K,712.3K
412,peytonlist,Peyton List,United States,Cinema & Actors/actresses,,20.3M,238.7K,358.7K
413,florencepugh,Florence Pugh,United States,Humor & Fun & Happiness,Cinema & Actors/actresses,8.1M,594.7K,909.5K
414,evcenf,Fahriye Evcen OÌˆzcÌ§ivit,Turkey,Lifestyle,Beauty,13.1M,440.9K,556.4K
415,aliiiiiiiikarimi8,Ali Karimi,Iran,Sports with a ball,,10M,496.4K,752.5K
416,bellapoarch,Bella Poarch,United States,Lifestyle,Music,13.9M,384.4K,520K
417,o.dembele7,Ousmane DembÃ©lÃ©,Spain,Sports with a ball,,11.6M,361.6K,618.6K
418,jinyoung_0922jy,ë°•ì§„ì˜,Indonesia,Music,,10M,553.5K,732K
419,nba,NBA,United States,Sports with a ball,,70.9M,62.2K,100.9K
420,dannapaola,Danna Paola,Mexico,Music,,34.8M,141.5K,205.4K
421,simonemendes,Simone Mendes,Brazil,Music,,35.6M,159.6K,201.4K
422,hakkiakdenizz,hakki akdeniz,Russia,Business & Careers,,26.6M,183.8K,266.4K
423,ksi,KSI,United Kingdom,Music,,12.1M,418.4K,587.5K
424,melo,LaMelo Ball,United States,Lifestyle,Music,9.2M,383.6K,779.8K
425,saweetie,,United States,Cinema & Actors/actresses,,13.1M,232.4K,540K
426,daquan,Daquan,United States,Humor & Fun & Happiness,,16.7M,274.7K,423.7K
427,deiveleonardo,Deive Leonardo,Brazil,Literature & Journalism,Trainers & Coaches,12.3M,313.4K,576.3K
428,_seorina,á„‰á…¥á†¯á„‹á…µá†«á„‹á…¡ sá´‡á´Ê€ÉªÉ´á´€,South Korea,Lifestyle,Cinema & Actors/actresses,6.8M,843K,1M
429,ssinz7,ë°•ì‹ í˜œ/Shin Hye Park,Indonesia,Music,Cinema & Actors/actresses,13.8M,413.8K,508.5K
430,yasmine_sabri,Yasmine Sabri,Egypt,Cinema & Actors/actresses,Lifestyle,19.6M,256.8K,360.2K
431,krisjenner,Kris Jenner,United States,Shows,Beauty,49.9M,92.1K,140K
432,marktuan,Mark Tuan,Indonesia,Music,Cinema & Actors/actresses,13M,427.6K,539.6K
433,rezagolzar,Mohammad Reza Golzar,Iran,Cinema & Actors/actresses,,12.3M,398.6K,575.9K
434,ana_d_armas,A N A   D E   A R M A S,United States,Cinema & Actors/actresses,,8.2M,636.5K,861.1K
435,frenchmontana,French Montana,United States,Music,,30.7M,139.4K,229.8K
436,shehnaazgill,Shehnaaz Gill,India,Cinema & Actors/actresses,Music,12.3M,483K,606.5K
437,wi__wi__wi,á„‹á…±á„’á…¡á„Œá…®á†« Wi Ha Jun,South Korea,Lifestyle,Music,10M,568K,683.5K
438,jennaortega,Jenna Ortega,United States,Cinema & Actors/actresses,Lifestyle,8.6M,561.4K,799.6K
439,jasonderulo,Jason Derulo,United States,Music,,12.8M,370K,529.5K
440,barbieferreira,barbie ferreira,United States,Music,Cinema & Actors/actresses,6.2M,610.8K,1.1M
441,yaocabrera,Yao Cabrera,Argentina,Crypto,NFT,16.9M,185.2K,402K
442,mclomaofficial,Paloma Santos ğŸŸ,Brazil,Music,,8.8M,451.8K,773.6K
443,for_everyoung10,ì¥ì›ì˜ WONYOUNG,Indonesia,Lifestyle,,5.9M,917.3K,1.2M
444,frenkiedejong,Frenkie de Jong,Spain,Sports with a ball,,10.8M,411.6K,618.3K
445,paulwesley,Paul Wesley,Brazil,Cinema & Actors/actresses,,12.4M,358.4K,535.9K
446,canelo,Saul Alvarez,Mexico,Fitness & Gym,,13.7M,343.9K,478.8K
447,i_m_hendery,HiğŸ‘‰ğŸ»im HenderyğŸ‘ˆğŸ»,United States,,,6.4M,800.5K,1M
448,polo.capalot,Polo.GğŸ,United States,Music,,10.5M,375.2K,617.1K
449,iscoalarcon,Isco Alarcon Suarez,Spain,Sports with a ball,,25.5M,177.1K,256.2K
450,parineetichopra,ğ™¿ğšŠğš›ğš’ğš—ğšğšğšğš’ ğ™²ğš‘ğš˜ğš™ğš›ğšŠ ğŸ«§,India,Cinema & Actors/actresses,,37.7M,148.6K,171.7K
451,maudyayunda,Maudy Ayunda,Indonesia,Music,,17.3M,251.9K,371.4K
452,princessyahrini,SYAHRINI,Indonesia,Music,,40.2M,122.1K,159.8K
453,romeosantos,Romeo Santos,United States,Music,,19.3M,273.3K,338.1K
454,soohyun_k216,á„€á…µá†·á„‰á…®á„’á…§á†« Kim Soo Hyun é‡‘ç§€è³¢,Indonesia,,,13.9M,378.4K,460.9K
455,vanessahudgens,ğŸ”®Vanessa HudgensğŸ”®,United States,Cinema & Actors/actresses,,47.3M,82.3K,135.2K
456,marvel,Marvel Entertainment,United States,Cinema & Actors/actresses,Comics & sketches,66.5M,80.9K,96K
457,susana.dxoxo,Susane Damouni,India,,,13.7M,298.6K,481.3K
458,leonardodicaprio,Leonardo DiCaprio,United States,Cinema & Actors/actresses,,54.7M,94.1K,117.5K
459,pablogavi,GAVI,Spain,Sports with a ball,,6.3M,701.9K,1M
460,yejinhand,ì†ì˜ˆì§„,Indonesia,Cinema & Actors/actresses,,7.1M,699.6K,910.7K
461,skaijackson,S K A I,United States,Lifestyle,,8M,455.1K,803K
462,sadiomaneofficiel,Sadio Mane,United Kingdom,Sports with a ball,,12.3M,363K,517.5K
463,liverpoolfc,Liverpool Football Club,United Kingdom,Sports with a ball,,40.5M,112K,156.2K
464,toni.kr8s,Toni Kroos,Germany,Sports with a ball,,35.5M,131.4K,178.6K
465,indiancricketteam,Team India,India,Sports with a ball,,25.8M,209.6K,244.4K
466,yerimiese,Yeri,Indonesia,Lifestyle,,10.7M,464.7K,575.6K
467,mo.on_air,TAEIL,Indonesia,,,5.1M,1.1M,1.2M
468,joshu_acoustic,Joshua Hong,India,Music,,5.1M,1M,1.2M
469,xuminghao_o,The8 ë””ì—ì‡,Indonesia,Music,,5.5M,913K,1.2M
470,alok,Alok Petrillo,Brazil,Music,Art/Artists,27.9M,172.9K,221.3K
471,jessnolimit,Jess No Limit,Indonesia,Shows,,7.3M,717.7K,859.9K
472,nianaguerrero,Niana,Indonesia,Music,Kids & Toys,14.2M,342.1K,429.3K
473,mathildtantot,Mathilde,United States,Lifestyle,Modeling,10M,401.3K,607.4K
474,leaelui,Lea Elui G,India,Modeling,Lifestyle,11.4M,320.5K,538.8K
475,nattinatasha,NATTI NATASHA,Mexico,Music,Cinema & Actors/actresses,36M,141.6K,170K
476,lilpeep,lil peep,United States,Music,,7.6M,477.5K,802.1K
477,kyo1122,Song hyekyo,Indonesia,Cinema & Actors/actresses,,13.4M,350.1K,445.8K
478,vinniehacker,â€ ,United States,Lifestyle,,5.9M,495K,1M
479,navidmohammadzadeh,navid mohammadzadeh,Iran,Cinema & Actors/actresses,,8.6M,499.8K,705.6K
480,netflix,Netflix US,Brazil,Cinema & Actors/actresses,Shows,31.3M,116.1K,190.4K
481,charles_leclerc,Charles Leclerc,Italy,Racing Sports,,8.8M,512.5K,680.6K
482,jakepaul,Jake Paul,United States,Cinema & Actors/actresses,,20.7M,172.3K,288.9K
483,djxiao_888,XIAOJUN,Indonesia,Music,,7M,687.1K,859.4K
484,cazzu,â™¡ ğ–“ğ–Šğ–“ğ–† á´›Ê€á´€á´á´˜á´€,Argentina,Music,,10.5M,437.9K,561.2K
485,jokowi,Joko Widodo,Indonesia,Finance & Economics,,48.1M,98.8K,124.7K
486,memphisdepay,Memphis Depay,France,Sports with a ball,,15.5M,212.5K,376.6K
487,obj,Odell Beckham Jr,United States,Sports with a ball,,16.5M,185.9K,354K
488,caviarmagnat,Anton Tregubov,Russia,Lifestyle,,15.2M,267.8K,386.9K
489,davikah,davikah,Thailand,Modeling,,17.1M,260.5K,337.5K
490,jailyneojeda,Jailyne Ojeda Ochoa,United States,Modeling,Lifestyle,14.1M,297.3K,411.4K
491,bramastavrl,Verrell Bramasta,Indonesia,Cinema & Actors/actresses,Lifestyle,25.1M,182.9K,231.4K
492,rafaelnadal,Rafa Nadal,Spain,Sports with a ball,,16.4M,282.2K,352.9K
493,rogerfederer,Roger Federer,Spain,Sports with a ball,,10.2M,437.2K,566K
494,dra.deolanebezerra,Deolane Bezerra âš–ï¸,Brazil,Beauty,Lifestyle,15.2M,178.7K,384K
495,phil.coutinho,Philippe Coutinho,Brazil,Sports with a ball,,24.9M,141.7K,230.3K
496,jensenackles,Jensen Ackles,United States,Cinema & Actors/actresses,,10M,451.7K,586.9K
497,gisele,Gisele BuÌˆndchen,Brazil,Modeling,Fashion,19.8M,196.9K,292.6K
498,dababy,BILLION DOLLAR BABY ğŸ‘¶ğŸ¾,United States,Music,,21.3M,166.7K,271.1K
499,d_degeaofficial,David De Gea,United Kingdom,Sports with a ball,,13.8M,293.1K,414.8K
500,d_a___m_i,KIM DA MI,Indonesia,,,4.6M,1M,1.2M
501,reesewitherspoon,Reese Witherspoon,United States,Cinema & Actors/actresses,,28.4M,168.1K,201.4K
502,imouniroy,mon,India,Cinema & Actors/actresses,,24.6M,190K,231.1K
503,mariabecerra,Maria Becerra,Argentina,Music,,10.5M,229K,541.2K
504,charlieputh,Charlie Puth,United States,Music,,16.7M,238.6K,339.2K
505,netflixbrasil,Netflix Brasil,Brazil,Shows,Cinema & Actors/actresses,32.8M,101K,172.4K
506,vickykaushal09,Vicky Kaushal,India,Lifestyle,Cinema & Actors/actresses,14.2M,337.7K,396.3K
507,amauryguichon,Amaury Guichon,United States,Food & Cooking,,9.7M,484.6K,590.4K
508,rachel_mypark,á„‡á…¡á†¨á„†á…µá†«á„‹á…§á†¼ Minyoung Park,Indonesia,Cinema & Actors/actresses,,10.3M,437.3K,544.7K
509,sportscenter,SportsCenter,United States,Sports with a ball,Shows,31.8M,98.4K,176.6K
510,srinidhi_shetty,Srinidhi Shetty ğŸŒ¸,India,Beauty,Cinema & Actors/actresses,4.5M,941.2K,1.3M
511,gusttavolima,ğŸ› Gusttavo Lima ğŸ›,Brazil,Music,,44.1M,77.3K,128.6K
512,yangyang_x2,YangYang á„‹á…£á†¼á„‹á…£á†¼,Indonesia,Music,,6.5M,688K,873.8K
513,golfarahani,Golshifteh Farahani,Iran,Cinema & Actors/actresses,,13.8M,314.8K,405.8K
514,goar_avetisyan,Goar Avetisyan,Russia,Beauty,,11.6M,345K,477.8K
515,earthpix,ğŸŒ  EarthPix  ğŸŒ,United States,Nature & landscapes,Photography,23.3M,183.6K,238.2K
516,jungkook_bighitentertainment,JUNGKOOK (ì „ì •êµ­) Updates,Brazil,Management & Marketing,Music,9.3M,531.7K,603.3K
517,lilnasx,MONTERO,United States,Music,,12.4M,264.9K,443.3K
518,tiffanyyoungofficial,tiffany young,Indonesia,Modeling,Fashion,12.9M,340.4K,425.8K
519,kit.connor,Kit Connor,United States,Cinema & Actors/actresses,Humor & Fun & Happiness,4.5M,739.5K,1.2M
520,sound_of_coups,COUPS,Indonesia,,,4.5M,955.9K,1.2M
521,nickjonas,Nick Jonas,United States,Music,Art/Artists,33.2M,115K,163.5K
522,pozevidalouca,Poze Do Rodo ğŸ¤‘,Brazil,Lifestyle,,8.3M,259.9K,652.8K
523,__youngbae__,TAEYANG,Indonesia,Music,,13.8M,340.2K,384.3K
524,nazriyafahadh,Nazriya Nazim Fahadh,India,Lifestyle,Cinema & Actors/actresses,6.5M,616.2K,825.3K
525,kingbach,King Bach,United States,Music,Art/Artists,23.1M,114.4K,229.3K
526,channingtatum,Channing Tatum,United States,Cinema & Actors/actresses,,17M,215K,309.9K
527,lexibrookerivera,Lexi Rivera,United States,Shows,Humor & Fun & Happiness,8.5M,514.8K,643.9K
528,klaythompson,Klay Thompson,United States,Sports with a ball,Lifestyle,13.5M,267.9K,389.4K
529,angelinajolie,Angelina Jolie,Brazil,,,13.6M,234.1K,388.6K
530,k.kbeom,á„€á…µá†·á„‡á…¥á†· kimbum,Indonesia,,,5.5M,796.3K,973.9K
531,loud_victor,Victor Augusto,Brazil,Lifestyle,Sports with a ball,10.7M,380.7K,485K
532,araujovivianne,Viviane Araujo,Brazil,Cinema & Actors/actresses,,13.8M,289.9K,380.9K
533,urstrulymahesh,Mahesh Babu,India,Cinema & Actors/actresses,,8.8M,538.5K,592.8K
534,barackobama,Barack Obama,United States,Finance & Economics,Business & Careers,35.4M,125.9K,149.3K
535,larissamanoela,Larissa Manoela,Brazil,Cinema & Actors/actresses,,47.1M,65.8K,109.2K
536,centralcee,ğŸ“²,United Kingdom,Lifestyle,Music,4.7M,449.5K,1.1M
537,araikgalstyanmoscowschool,ï¼¡ï¼²ï¼¡ï¼©ï¼«  ï¼§ï¼¡ï¼¬ï¼³ï¼´ï¼¹ï¼¡ï¼®Â®ï¸ğŸ‡¦ğŸ‡²,Turkey,Beauty,,17.1M,232.2K,300.1K
538,mirella,BAD MI âš¡ï¸ MIRELLA,Brazil,Music,,26.9M,90.4K,190.6K
539,julesleblanc,julianna,United States,Music,Shows,9.8M,364.7K,527.6K
540,lucasranngel,LUCAS RANGEL,Brazil,Lifestyle,,20.1M,115.1K,254.8K
541,7_luhan_m,é¹¿ Han,Indonesia,Music,,12.7M,332.8K,404.2K
542,aboflah,AboFlah,Iraq,Humor & Fun & Happiness,,7.4M,593.3K,708.4K
543,gururandhawa,Guru Randhawa,India,Music,,33M,126.3K,155.2K
544,superstar_dewasi99,SUPERSTARDEWASI 99,India,Music,Cinema & Actors/actresses,13.5M,238.6K,376.9K
545,cvillaloboss,CARMEN VILLALOBOS,Colombia,Shows,Cinema & Actors/actresses,20.6M,197.7K,243.5K
546,faz3,Fazza,United Arab Emirates,Lifestyle,,14.7M,263.8K,345.4K
547,markiplier,Markiplier,United States,Shows,,10.6M,411.9K,469.2K
548,dylansprouse,Dylan Sprouse,United States,Cinema & Actors/actresses,,9.1M,353.3K,554.7K
549,melissamelmaia,MEL MAIA ğŸ¯,Brazil,Music,,13.5M,204.4K,370.2K
550,theellenshow,Ellen DeGeneres,United States,Shows,Cinema & Actors/actresses,124.4M,33.4K,40.2K
551,fuji_an,Fujianti Utami Putri,Indonesia,Lifestyle,,11.8M,177.3K,421.8K
552,avrillavigne,Avril Lavigne,Brazil,Music,Cinema & Actors/actresses,11.7M,341.7K,425.4K
553,sav.labrant,Savannah Rose LaBrant,United States,Family,Lifestyle,7.2M,521.9K,697.8K
554,donya,Donya,Iran,Lifestyle,,15.3M,215.6K,341.3K
555,avengers,Avengers,India,Cinema & Actors/actresses,,13.6M,289.2K,362K
556,briandadeyanara,BRIANDA ğŸ’–,Mexico,Lifestyle,,13.5M,309K,362.8K
557,shaymitchell,Shay Mitchell,United States,Beauty,Family,34.4M,100.2K,140.5K
558,gabigol,( Lil ) Gabi,Brazil,Sports with a ball,,10.2M,316.1K,478.8K
559,camilo,C A M I L O,Argentina,Music,,27.6M,109.9K,174.2K
560,ncentineo,Noah,Brazil,Cinema & Actors/actresses,,16.4M,174.1K,289.4K
561,chloegmoretz,ChloÃ« Grace Moretz,United States,Cinema & Actors/actresses,,21.5M,164.9K,220.6K
562,agnezmo,AGNEZ MO,Indonesia,Music,,29.2M,97.6K,162.2K
563,39saku_chan,Sakura Miyawaki,Indonesia,Lifestyle,Cinema & Actors/actresses,4.3M,894.8K,1.1M
564,dqsalmaan,Dulquer Salmaan,India,Cinema & Actors/actresses,,11.3M,308.2K,416.9K
565,nusr_et,Nusr_et#Saltbae,Turkey,Food & Cooking,,48M,67.2K,99.1K
566,f1,FORMULA 1Â®,Italy,Racing Sports,,20.9M,178.1K,225.1K
567,juansguarnizo,Juan SebastiÃ¡n Guarnizo,Mexico,Lifestyle,,6.3M,685.6K,750.8K
568,victoriajustice,Victoria Justice,United States,Music,Cinema & Actors/actresses,23M,149.8K,205K
569,apple,apple,India,Computers & Gadgets,Photography,28.4M,122K,164.4K
570,dejesusoficial,Gabriel Jesus,Brazil,Sports with a ball,,18.7M,161.2K,249.5K
571,thehughjackman,Hugh Jackman,United States,Cinema & Actors/actresses,,30.5M,134.9K,153.4K
572,otabek_muhammadalievich,Otabek Umarov,Russia,,,20.2M,171.8K,231.1K
573,beautifuldestinations,BEAUTIFUL DESTINATIONS,United States,Photography,Travel,24.7M,139.6K,187.1K
574,natashawilona12,Natasha Wilona,Indonesia,Beauty,,39.4M,98.3K,117.2K
575,jackharlow,,United States,Lifestyle,Humor & Fun & Happiness,6.9M,362.4K,676.9K
576,anjimaxuofficially,Anjali Arora,India,Lifestyle,Cinema & Actors/actresses,11.9M,302.8K,387.5K
577,kaylanicolejones,,United States,Family,Beauty,7.4M,295.9K,626.8K
578,simaria,Simaria,Brazil,Music,,28.3M,111.6K,162.3K
579,kun11xd,KUN,Indonesia,Lifestyle,Music,6.9M,536.1K,669.1K
580,quackity,quackity,United States,,,4.1M,925.1K,1.1M
581,ludmilla,LUDMILLA,Brazil,Music,,27.9M,110.3K,164.6K
582,yooncy1,ìœ¤ì°¬ì˜ Chan-young Yoon,South Korea,Lifestyle,,4.8M,788.8K,949.1K
583,everyone_woo,Wonwoo,Indonesia,Music,,3.6M,999.6K,1.3M
584,itsmarziapie,Marzia Kjellberg,United States,Beauty,Lifestyle,8.3M,450.7K,550.7K
585,egupta,Esha Gupta,India,Lifestyle,Cinema & Actors/actresses,11.7M,309.5K,387.5K
586,antony00,Antony Santos,Brazil,Sports with a ball,,4.8M,519.7K,960.1K
587,nickyjam,NICKY JAM,Spain,Music,,43.4M,75.4K,104.4K
588,danialves,Daniel Alves,Brazil,Sports with a ball,,37.3M,77.8K,120.7K
589,nessabarrett,ness,United States,Lifestyle,Music,7.3M,461.8K,625.9K
590,sushitrash,JOJI,United States,Music,,6.5M,572.6K,700.6K
591,sugaringcandy,JUNGWOO,South Korea,,,3.5M,1.1M,1.3M
592,parishilton,Paris Hilton,United States,Modeling,,20.3M,133K,219.7K
593,lakers,Los Angeles Lakers,United States,Sports with a ball,,20.3M,142.2K,217.8K
594,matue,,Brazil,Lifestyle,Sports with a ball,8.3M,297.6K,546.6K
595,chelseafc,Chelsea FC,Indonesia,Sports with a ball,,35.8M,82.5K,123.3K
596,bernardokath,Kathryn Bernardo ğŸ˜,Philippines,Beauty,Cinema & Actors/actresses,17.4M,208.7K,251.5K
597,rizkybillar,Muhammad Rizky Billar,Indonesia,Shows,Beauty,12.9M,265.4K,342.6K
598,aurelie.hermansyah,Aurelie Hermansyah Atta,Indonesia,Beauty,,27.3M,126.9K,160.6K
599,elmarianaa,El Mariana,Mexico,,,4.7M,833.1K,946.3K
600,fuckjerry,FUCKJERRY,United States,Humor & Fun & Happiness,,16.7M,203.4K,263.9K
601,alexadellanos,Alexa Dellanos,United States,Lifestyle,,10M,283.5K,443.5K
602,saharghoreyshiofficialpage,Ø³Ø­Ø± Ù‚Ø±ÙŠØ´Ù‰ Sahar Ghoreyshi,Iran,,,11.7M,258.1K,378K
603,ozuna,@ozutochi ğŸ”œ,Spain,Music,,22.5M,143.1K,192K
604,jeonghaniyoo_n,ìœ¤ì •í•œ,Iran,Lifestyle,,3.7M,939.9K,1.2M
605,salmahayek,Salma Hayek Pinault,United States,Cinema & Actors/actresses,,21.8M,161.4K,199.5K
606,leejen_o_423,LEE JENO,,,,2.2M,0,2.3M
607,pledis_boos,ìŠ¹ê´€ SEUNGKWAN,Indonesia,Music,,4.6M,780.8K,947.8K
608,naileadevora,nai,United States,Lifestyle,Music,5.3M,557.5K,823.8K
609,ederbez,Eugenio Derbez,Mexico,Cinema & Actors/actresses,Lifestyle,18.7M,204.7K,229.9K
610,choquei,CHOQUEI,Brazil,Literature & Journalism,,17.6M,79.1K,245.6K
611,_shotaroo_,SHOTARO ã‚·ãƒ§ã‚¦ã‚¿ãƒ­ã‚¦,Indonesia,Lifestyle,Music,5.6M,602.2K,780K
612,vousmevoyez,KRYSTAL,Indonesia,Music,Cinema & Actors/actresses,10.4M,318.3K,412.9K
613,emiliamernes,Emilia Mernes,Argentina,Music,,6.2M,370.5K,697.1K
614,sebastianyatra,Sebastian Yatra,Argentina,Music,Art/Artists,29.9M,102.9K,143.7K
615,pedri,Pedri GonzÃ¡lez,Spain,Sports with a ball,,7.3M,0,586.8K
616,karelyruiz,Karely Ruiz,Mexico,Lifestyle,,7.1M,482.7K,605.7K
617,fortnite,Fortnite,United States,Gaming,Computers & Gadgets,25.6M,139.5K,164.6K
618,memezar,MEMEZAR â€¢ Comedy and Culture,United States,Cinema & Actors/actresses,,22.9M,123K,183.2K
619,theshilpashetty,Shilpa Shetty Kundra,India,Cinema & Actors/actresses,,26.6M,136K,158K
620,quavohuncho,QuavoHuncho,United States,Music,,21.7M,117.2K,192.5K
621,gessicakayane,GKAY,Brazil,Shows,Humor & Fun & Happiness,20.1M,101.7K,211.8K
622,yugyeom,KYUM,Brazil,Music,Art/Artists,11.5M,297.8K,357.5K
623,catherinemcbroom,Catherine Paiz,United States,Family,,7.3M,331.5K,569.7K
624,shreyaghoshal,shreyaghoshal,India,Music,,24.8M,147.6K,165K
625,annakendrick47,Anna Kendrick,United States,Cinema & Actors/actresses,,22.2M,140.9K,184.5K
626,iqbaal.e,Piko - The Forger,Indonesia,Cinema & Actors/actresses,,13.7M,172.3K,295.5K
627,machinegunkelly,the Blonde Don,United States,Music,,9.7M,265.3K,426.6K
628,nikkietutorials,NikkieTutorials,United States,Beauty,,16.6M,179.9K,244.7K
629,francinyehlke,Franciny Ehlke,Brazil,Beauty,,15.6M,118.4K,258.9K
630,yihyun_1208,á„Œá…©á„‹á…µá„’á…§á†« cho yihyun,South Korea,Lifestyle,,5.2M,620.4K,785.2K
631,dbook,Devin,United States,Lifestyle,Sports with a ball,5.4M,383.7K,754.4K
632,adinross,,United States,,,3.6M,630.4K,1.3M
633,sivakarthikeyan,Sivakarthikeyan Doss,India,,,5.3M,650.7K,766.4K
634,tiagopzk,GOTTI A,Argentina,Music,,5.5M,319.9K,730.5K
635,soueunavida,Sou Eu Na Vida,Brazil,Humor & Fun & Happiness,,18.1M,116.5K,221.1K
636,felipeneto,Felipe Neto ğŸ¦‰,Brazil,Lifestyle,,16.3M,173.2K,244.7K
637,simonettalein,Simonetta Lein,India,Beauty,Cinema & Actors/actresses,13M,221.1K,304.6K
638,raashiikhanna,Raashii Khanna,India,Cinema & Actors/actresses,Music,8.7M,387.4K,461.7K
639,dkharbour,David Harbour,United States,Cinema & Actors/actresses,,9.8M,310.8K,407K
640,angeldimariajm,AÌngel Di MariÌa,Argentina,Sports with a ball,,18.5M,144.1K,212.5K
641,nehasharmaofficial,Neha Sharma ğŸ’«,India,Cinema & Actors/actresses,,14.8M,229.6K,263.8K
642,fedevalverde,Fede Valverde,Spain,Sports with a ball,,6.8M,408.2K,579.4K
643,tannerbuchananofficial,Tanner Buchanan Official,United States,Cinema & Actors/actresses,,4.1M,595.7K,965.4K
644,hadise,Hadise,Turkey,Music,Shows,13.9M,239.7K,279.5K
645,smriti_mandhana,Smriti Mandhana,India,Sports with a ball,,6.5M,521.7K,604.4K
646,kingarturo23oficial,Arturo Vidal,Italy,Sports with a ball,,18.6M,129.6K,209.1K
647,urassayas,Urassaya Sperbund,Thailand,Cinema & Actors/actresses,Modeling,12M,264.4K,321.9K
648,kenzie,kenzie â™¡,United States,Art/Artists,,14.8M,171.5K,260.9K
649,mattyperry4,Matthew Perry,Brazil,Cinema & Actors/actresses,,7.8M,369.2K,503.8K
650,ozgecangurelofficial,OÌˆzge GuÌˆrel,Turkey,Cinema & Actors/actresses,,5.8M,553.2K,679.9K
651,ho5hi_kwon,HOSHI,Indonesia,Lifestyle,,3.8M,785.4K,1M
652,ferrari,Ferrari,United States,Luxury,Cars & Motorbikes,23.1M,126.8K,166.5K
653,malutrevejo,MaluÌ ğŸ¦‹ 222ğŸ¤,United States,Music,,11.5M,185.9K,333.5K
654,sonu_sood,Sonu Sood,India,Cinema & Actors/actresses,,17.6M,191.1K,218.5K
655,achrafhakimi,Achraf Hakimi,Morocco,Sports with a ball,,10.2M,256.4K,376.7K
656,lamborghini,Lamborghini,India,Luxury,Cars & Motorbikes,32.1M,86.2K,118.8K
657,djsnake,djsnake,India,Music,,9.8M,334.1K,396.6K
658,sooyoungchoi,Sooyoung Choi,Indonesia,Beauty,Lifestyle,7.4M,429.9K,518.8K
659,rupertgrint,Rupert Grint,Brazil,Cinema & Actors/actresses,Music,4.6M,590.1K,837.3K
660,romanreigns,Joe Anoai aka â€œRoman Reignsâ€,India,Lifestyle,,6.6M,449.1K,583.1K
661,saipallavi.senthamarai,Sai Pallavi,India,Cinema & Actors/actresses,,6.2M,537.1K,615.8K
662,amybethmcnulty,Amybeth,Brazil,Lifestyle,Cinema & Actors/actresses,7.8M,354.8K,487.4K
663,davidalaba,David Alaba,Spain,Sports with a ball,,10.7M,247.5K,350.3K
664,drewstarkey,Drew Starkey,United States,Cinema & Actors/actresses,,3.1M,623.6K,1.2M
665,pokimanelol,pokimane ğŸ¤,United States,Lifestyle,Shows,6.2M,468.5K,617K
666,residente,ReneÌ PeÌrez Joglar,Colombia,Art/Artists,Music,8.9M,281.2K,436.1K
667,virgilvandijk,Virgil van Dijk,United Kingdom,Sports with a ball,,12.6M,209.5K,296.9K
668,geewonii,ê¹€ì§€ì›,Indonesia,,,7.8M,370.5K,487.8K
669,youngdae0302,á„€á…µá†·á„‹á…§á†¼á„ƒá…¢,Indonesia,Music,,4.5M,630.6K,832.5K
670,sanchooo10,Jadon Sancho,United Kingdom,Sports with a ball,,8.9M,242.5K,423.8K
671,candiceking,Candice King,Brazil,Family,Lifestyle,10.1M,264K,367.9K
672,playstation,PlayStation,United States,Gaming,Computers & Gadgets,28.9M,104.9K,128.3K
673,phoebejtonkin,Phoebe Tonkin,United States,Beauty,Cinema & Actors/actresses,8.4M,312.2K,445.6K
674,kareenakapoorkhan,Kareena Kapoor Khan,India,Family,Cinema & Actors/actresses,9.6M,311.3K,388.5K
675,eilirjani,Elton ILIRJANI,Albania,Adult content,,10.6M,241.6K,349K
676,fcbayern,FC Bayern,Germany,Sports with a ball,,34.2M,73.3K,107.5K
677,bleacherreport,Bleacher Report,United States,Sports with a ball,,19.6M,95.4K,188.4K
678,nita_shilimkar,Nita Shilimkar,India,Lifestyle,Fashion,11.5M,240.5K,318K
679,euphoria,euphoria,United States,Photography,Cinema & Actors/actresses,7.8M,295.1K,476.3K
680,theslumpgod,Stokeley,United States,Music,,5.4M,399K,694.5K
681,sincerooficial,Sincero Oficial,Brazil,Humor & Fun & Happiness,,21.7M,87.1K,168.6K
682,elliotpage,,United States,Cinema & Actors/actresses,,6.2M,416K,599K
683,marcusrashford,Marcus Rashford MBE,United Kingdom,Sports with a ball,,12.8M,179.9K,284.7K
684,alvxaro,ALVARO,Brazil,Lifestyle,,9.9M,149.9K,374.9K
685,andreavaldirisos,ANDREA VALDIRI ğŸ‡¨ğŸ‡´,Colombia,Lifestyle,Beauty,8.7M,299.8K,426.6K
686,vanessalopesr_,Vanessa Lopes,Brazil,Lifestyle,Music,12.4M,89.8K,292.6K
687,myketowers,MICHAEL,Spain,Music,,9.5M,216.2K,390.1K
688,grantgust,Grant Gustin,Brazil,Cinema & Actors/actresses,Fashion,7.8M,334.2K,473.6K
689,lacasadepapel,La Casa de Papel,Brazil,Cinema & Actors/actresses,Shows,12.4M,193.8K,291.1K
690,5.min.crafts,5-Minute Crafts,Brazil,DIY & Design,,46.2M,56.3K,78.4K
691,demirose,Demi ğŸŒ¹,United States,Modeling,Lifestyle,19.9M,140.5K,183.1K
692,oprah,Oprah,United States,Art/Artists,Cinema & Actors/actresses,21.5M,144.9K,171.3K
693,aliandooo,Aliando Syarief,Indonesia,Music,Cinema & Actors/actresses,17.1M,136.4K,217.4K
694,dylanminnette,Dylan Minnette,United States,Music,Cinema & Actors/actresses,7.3M,307.2K,499.5K
695,adidasfootball,adidas Football,Brazil,Sports with a ball,,31.7M,82.9K,113.1K
696,choi_seung_hyun_tttop,TOP,Indonesia,,,14.6M,208.3K,246.4K
697,porsche,Porsche,United States,Cars & Motorbikes,,26.8M,104.3K,133.3K
698,asabopp,Asa Butterfield,Brazil,Cinema & Actors/actresses,,5.7M,433.9K,634.5K
699,bumkeyk,SHINee KEY,Indonesia,Music,,9.4M,323K,387K
700,irinashayk,irina shayk,Russia,Modeling,,19.7M,130.5K,180.7K
701,irinashayk,irina shayk,Russia,Modeling,,19.7M,130.5K,180.7K
702,amitabhbachchan,Amitabh Bachchan,India,Cinema & Actors/actresses,,31.2M,98.9K,114.4K
703,angeliqueboyer,Angelique Boyer,Brazil,Shows,Cinema & Actors/actresses,14.3M,198.4K,249.1K
704,onwardwanna,"Javon ""Wanna"" Walton",United States,Lifestyle,Cinema & Actors/actresses,6M,358.3K,597.9K
705,bigsean,BIGSEAN,United States,Music,Art/Artists,15.4M,126K,229.8K
706,willevy,William  Levy / Actor Producer,Brazil,Shows,Cinema & Actors/actresses,10.9M,243.7K,328.2K
707,jamorant,12 ğŸ¥·ğŸ½ğŸ–¤,United States,Winter sports,Sports with a ball,7.7M,286.6K,463.1K
708,_schwim_,David Schwimmer,India,Cinema & Actors/actresses,,6.8M,352.3K,527.3K
709,filiperet,RetchÃª,Brazil,Lifestyle,Photography,7.8M,181K,463.5K
710,subo_m,Subhan Mamedov,Russia,Shows,,10.4M,278.3K,340.1K
711,brfootball,Bleacher Report Football,United States,Sports with a ball,,12.6M,172.1K,278.1K
712,narins_beauty,â€¢â€¢Narins Beautyâ€¢â€¢,Syria,Lifestyle,,9.3M,318.9K,391.9K
713,nikefootball,Nike Football (Soccer),Brazil,Sports with a ball,Clothing & Outfits,45.4M,50.2K,77.5K
714,eduincaz,Eduin Caz,Mexico,Lifestyle,,7.4M,373.3K,477.4K
715,maneskinofficial,MaÌŠneskin,Italy,Modeling,Music,6.3M,398.2K,562K
716,ayushmannk,Ayushmann Khurrana,India,Cinema & Actors/actresses,,16.7M,172.4K,208.1K
717,perspolis,Persepolis,Iran,Sports with a ball,,8.3M,300.8K,428.2K
718,hichasestokes,,United States,Humor & Fun & Happiness,Lifestyle,7.3M,318.3K,476.9K
719,darshanravaldz,Darshan Raval #DholBajaa,India,Music,,15.4M,188K,226.8K
720,paulwalker,Paul Walker,India,Cinema & Actors/actresses,,15.2M,165.9K,227.3K
721,aleoliveiracm,AleÌ‚ Oliveira,Brazil,Humor & Fun & Happiness,,8.5M,169.5K,433.6K
722,realhinakhan,HK,India,Cinema & Actors/actresses,,17.4M,161.8K,199.1K
723,karljacobs,Karl Jacobs,United States,,,4.3M,622K,810K
724,jxxvvxxk,á„‹á…µá„Œá…¢á„‹á…®á†¨,Indonesia,,,4M,703.6K,884.6K
725,pooorblack,Pooorblack,Iran,,,5M,548.9K,710.4K
726,staceysolomon,Stacey Solomon,United Kingdom,Family,,5.4M,536.7K,646.4K
727,amadorat,N I C O L E   A M A D O ğŸ‰,Mexico,Fashion,Lifestyle,8.3M,372.1K,415.8K
728,21savage,,United States,Music,,13.6M,143K,251.3K
729,adrianalima,Adriana Lima,United States,Modeling,Fashion,15M,155.3K,228.4K
730,yuvisofficial,Yuvraj Singh,India,Sports with a ball,,15.1M,189K,225.4K
731,dew_jsu,2000,Indonesia,Beauty,Lifestyle,6.4M,399.9K,537.8K
732,jaspritb1,jasprit bumrah,India,Lifestyle,Sports with a ball,9.9M,302.2K,347.3K
733,wos.ds3,ValentiÌn Oliva,Argentina,Music,,6.6M,342.7K,524.3K
734,ansufati,Ansu Fati,Spain,Sports with a ball,Winter sports,9.1M,250.2K,379.4K
735,troyesivan,troye sivan,United States,Art/Artists,Fashion,13.5M,175K,251.3K
736,haifawehbe,Haifa Wehbe,Iraq,Music,,10.7M,217.9K,318.7K
737,burcuozberk,Burcu Ã–zberk,Turkey,Cinema & Actors/actresses,,9.3M,286.1K,370.5K
738,danielricciardo,Daniel Ricciardo,United States,Racing Sports,,7.4M,355K,461K
739,alishalehmann7,Alisha Lehmann,Brazil,Sports with a ball,,8.2M,220.2K,415.7K
740,vivi,Vivi Wanderley,Brazil,Beauty,Lifestyle,13.9M,147.1K,242K
741,realcoleworld,Cole World,United States,Music,Art/Artists,7.8M,231.5K,439.9K
742,nicholasgalitzine,Nicholas Galitzine,Brazil,Cinema & Actors/actresses,,4.3M,480K,795K
743,wanda_nara,Wanda nara,Argentina,Lifestyle,,14.7M,161.4K,228.5K
744,umutisler,Umut Ä°ÅŸler,India,Food & Cooking,,11M,188K,302.2K
745,diljitdosanjh,DILJIT DOSANJH,India,Cinema & Actors/actresses,,14M,197.7K,238.2K
746,mchariel,MC Hariel,Brazil,Music,,9.3M,182.4K,363.5K
747,valentinazenere,Valentina Zenere,Brazil,Modeling,Lifestyle,10.2M,269K,327.6K
748,imcryansp,TUBARAO GIGANTE ğŸ¦ˆ,Brazil,Lifestyle,,5M,285.6K,679.8K
749,richarlison,Richarlison,Brazil,Sports with a ball,Lifestyle,6.2M,286.8K,539.1K
750,yefersoncossio,Yef,Colombia,Lifestyle,,9.8M,234.5K,342K
751,dk_is_dokyeom,ë„ê²¸,Iran,Lifestyle,Music,3.6M,770.1K,927.4K
752,pefabiodemelo,FÃ¡bio de Melo,Brazil,Lifestyle,,25.8M,85.7K,129.3K
753,rishabpant,Rishabh Pant,India,Lifestyle,Sports with a ball,7M,404.1K,480.2K
754,litkillah,MAWZğŸ’¬,Argentina,Music,,8.1M,311.1K,409.9K
755,emmaroberts,Emma Roberts,United States,Cinema & Actors/actresses,,18.4M,121K,178.7K
756,kittychicha,ğŸ–¤KITTY CHICHAğŸ±,Philippines,Music,,4.3M,637.6K,773.1K
757,madonna,Madonna,Italy,Music,,18.5M,120.7K,180.1K
758,adamsandler,Adam Sandler,United States,Cinema & Actors/actresses,,13.6M,189K,240.7K
759,miketyson,Mike Tyson,United States,Fitness & Gym,,19.4M,131.2K,168.9K
760,sandrinna_11,Drinna ğŸ–¤,Indonesia,Lifestyle,,10.7M,237.3K,302.7K
761,spacex,SpaceX,United States,Science,Machinery & Technologies,16.1M,166.5K,202.5K
762,davidluiz23,David Luiz,Brazil,Sports with a ball,,22.4M,66.2K,145.6K
763,ivan_buhaje,spreen,Argentina,,,3.1M,843.6K,1M
764,jackblack,Jack Black,United States,Cinema & Actors/actresses,,8.9M,282K,368.2K
765,yasminabdelaziz_,Yasmin Abdelaziz,Egypt,Cinema & Actors/actresses,,16.2M,170K,201K
766,tohi,ğ“ğğ‡ğˆ,Iran,Lifestyle,Music,12.2M,190.6K,282K
767,schwarzenegger,Arnold Schwarzenegger,United States,Cinema & Actors/actresses,Fitness & Gym,22.6M,121.8K,143.1K
768,ms_puiyi,Siew Pui Yi ğŸ¤,United States,Adult content,,19.6M,128.5K,164.6K
769,moneybaggyo,Certified SpeakerğŸ’œ,United States,Lifestyle,NFT,8.4M,163K,389.2K
770,deolaneb_,DEOLANE BEZERRA âš–ï¸,Brazil,,,6.3M,206.1K,512.5K
771,madisonbaileybabe,Maddie Baby,United States,Lifestyle,Cinema & Actors/actresses,6.6M,259.5K,485.9K
772,neeraj____chopra,Neeraj Chopra,India,Shows,Winter sports,6.2M,389.2K,510.1K
773,mrunalthakur,Mrunal Thakur,India,Beauty,Cinema & Actors/actresses,6.4M,352.6K,491.3K
774,lacikaysomers,Laci Kay Somers,United States,Music,Modeling,12.2M,152.3K,260.4K
775,jaybnow.hr,LIM JAE BEOM,United States,Music,,6.9M,347.9K,456.6K
776,yamigautam,Yami Gautam Dhar,India,Cinema & Actors/actresses,,16.5M,162.1K,188.1K
777,gioewbank,Giovanna Ewbank,Brazil,Cinema & Actors/actresses,Modeling,29.4M,66.2K,105.7K
778,avani,avani,United States,Beauty,Lifestyle,18.7M,123K,165.3K
779,roddyricch,,United States,Music,,7M,234.8K,450.7K
780,mauroicardi,ğ•„ğ”¸ğ•Œâ„ğ•† ğ•€â„‚ğ”¸â„ğ”»ğ•€,Italy,Sports with a ball,,8.2M,236.8K,379.3K
781,jenniferwinget1,Jennifer Winget,India,Cinema & Actors/actresses,,13.6M,187.8K,228.4K
782,sarahhyland,Sarah Hyland,United States,Cinema & Actors/actresses,Lifestyle,10M,250.7K,313.4K
783,wayvofficial,WayV,Indonesia,Music,,7.5M,351.8K,418.9K
784,meekmill,Meek Mill,United States,Music,,22.7M,71.5K,137.6K
785,nodal,Christian Nodal ğŸ‡²ğŸ‡½ ğŸŒµğŸ’š,Mexico,Music,,9.4M,229.1K,336.8K
786,indiaroyale,India Royale,United States,,,4.6M,233.3K,691.7K
787,chrissyteigen,chrissy teigen,United States,Shows,Modeling,39.3M,59.8K,78K
788,kyrieirving,HÃ©lÃ ,United States,Sports with a ball,,17.3M,117.2K,177K
789,ahmedabohashima,Ahmed Abouhashima,Egypt,Business & Careers,Finance & Economics,17.3M,130.3K,175.9K
790,l7nnon,L7,Brazil,Lifestyle,Art/Artists,8.9M,146.4K,347.6K
791,fadiljaidi,Fadil Jaidi,Indonesia,Lifestyle,,8M,257.8K,387.3K
792,jessicajane99,Jessica Jane,Indonesia,Shows,Modeling,5.9M,392.8K,517.8K
793,giannis_an34,Giannis Ugo Antetokounmpo,United States,Sports with a ball,,13.5M,142.5K,225.5K
794,egorkreed,Ğ•Ğ³Ğ¾Ñ€ ĞšÑ€Ğ¸Ğ´ | #HeartBreakKid,Russia,Music,,14.7M,168.6K,206.7K
795,joerogan,Joe Rogan,United States,Humor & Fun & Happiness,Cinema & Actors/actresses,15.7M,139.8K,195K
796,nancyajram,Nancy Ajram,Iraq,Music,,33.2M,72K,92.1K
797,woozi_universefactory,WOOZI,Indonesia,,,4.1M,635.8K,756.5K
798,enriqueiglesias,Enrique Iglesias,India,Music,Art/Artists,17.1M,125.9K,177.8K
799,cocielo,JuÌlio Cocielo Estaniecki,Brazil,Cinema & Actors/actresses,,19.3M,99.4K,155.6K
800,junhui_moon,JUN æ–‡ä¿Šè¾‰,Indonesia,Lifestyle,Music,3M,836.8K,1M
801,vernonline,Vernon ë²„ë…¼,Japan,,,4.7M,490.2K,648.6K
802,miamalkova,Mia Malkova,India,Cinema & Actors/actresses,,11.1M,200.1K,271.2K
803,rafakalimann,Rafa Kalimann,Brazil,Modeling,,23.1M,75.1K,134.9K
804,yailinlamasviralreal,Yailin la Mas Viral â™‹ï¸ğŸ§¿,United States,Lifestyle,,5.7M,382.1K,547.7K
805,warriors,Golden State Warriors,United States,Lifestyle,Sports with a ball,25.6M,83.9K,116.3K
806,supercarblondie,Alex - that girl with the Cars,India,Cars & Motorbikes,,10.9M,173.4K,274.8K
807,hm_son7,Son HeungMin(ì†í¥ë¯¼)ğŸ‡°ğŸ‡·,Brazil,Sports with a ball,,7.7M,241.9K,393.5K
808,tarkan,Tarkan,Turkey,Music,,6M,449.7K,509.4K
809,thiagosilva,Thiago Silva,Brazil,Sports with a ball,,19.8M,88.6K,149.2K
810,dhanushkraja,Dhanush,India,Cinema & Actors/actresses,,5M,465.6K,602.5K
811,chaelincl,CL,Brazil,Art/Artists,Fashion,10.3M,215K,284.4K
812,willyrex,Willyrex,Spain,Shows,,8.8M,285.7K,338.7K
813,harshasai_,Harsha sai,India,Shows,,3.2M,820.9K,935.2K
814,anastasiya_kvitko,AK,United States,Lifestyle,Modeling,12.4M,192.8K,235.9K
815,marimaria,Mari Maria,Brazil,Beauty,,20.2M,74.9K,144.1K
816,yg_treasure_official,TREASURE (íŠ¸ë ˆì €),Indonesia,Music,,5.7M,409.2K,523K
817,jaydacheaves,JAYDA,United States,Clothing & Outfits,,7.7M,129.2K,383.1K
818,trueno,TR1 â›ˆ,Argentina,Music,,6.9M,275.5K,428.8K
819,courteneycoxofficial,Courteney Cox,India,Cinema & Actors/actresses,,12.2M,180K,237.9K
820,jennifer.garner,Jennifer Garner,United States,Cinema & Actors/actresses,,13.6M,187.7K,213.1K
821,sophiedee,Sophie Dee,United States,Adult content,,12.4M,176.3K,234.9K
822,kaliuchis,,United States,Music,,4M,419K,723.4K
823,violets.tv,Violet Summers,Italy,Adult content,,13.8M,153.9K,211.1K
824,juliopfernandez,J U L I O   P E Ã‘ A   F. D E Z,Brazil,Art/Artists,,3.4M,667.7K,848.6K
825,lilpump,Lil Pump,United States,Music,,14.9M,121.9K,190.8K
826,lizzobeeating,Lizzo,United States,Music,Lifestyle,13M,157.2K,220.2K
827,jordynwoods,HEIR JORDYN,United States,Modeling,Lifestyle,12.6M,118.4K,224.3K
828,armaanmalik,ARMAAN MALIK ğŸ§¿,India,Music,,13.2M,186.6K,216.1K
829,shaq,DR. SHAQUILLE O'NEAL Ed.D.,United States,Humor & Fun & Happiness,Sports with a ball,26.9M,80.7K,105.9K
830,tarajiphenson,taraji p henson,United States,Music,Cinema & Actors/actresses,19.8M,103.3K,144.6K
831,shxxbi131,B.I,Indonesia,Lifestyle,,4.1M,605.1K,708.7K
832,espn,ESPN,United States,Sports with a ball,,23.8M,65.6K,119.3K
833,riteishd,Riteish Deshmukh,India,Art/Artists,Cinema & Actors/actresses,15.5M,155.9K,182.1K
834,theroyalfamily,The Royal Family,Italy,Family,Shows,13M,176.4K,217.6K
835,klarafgcastanho,KlÃ¥ra CÃ¥stanho,Brazil,Cinema & Actors/actresses,,7.4M,200.1K,388.1K
836,mohamedramadanws,Mohamed Ramadan,Egypt,Music,,20.5M,100.8K,139.2K
837,valeyellow46,Valentino Rossi,Indonesia,Racing Sports,,14.1M,152.3K,198.9K
838,sthefanematos,STHE âš“ï¸,Brazil,Lifestyle,,10M,124.7K,289.5K
839,kashikakapoor09,Kashika Kapoor,Indonesia,Beauty,Lifestyle,9.9M,266.7K,285.3K
840,lance210,Lance Stewart,United States,Cinema & Actors/actresses,Humor & Fun & Happiness,6.6M,259.8K,431.1K
841,chieffkeeffsossa,Chief Keef,United States,Music,,7.8M,197.1K,364.6K
842,alexis_officia1,Sanchez Alexis,Chile,Sports with a ball,,14.6M,117.3K,193.6K
843,anyageraldine,anya geraldine,Indonesia,Music,,11.2M,147.8K,247.3K
844,flay,FLAY ğŸ™,Brazil,Lifestyle,Music,7.7M,177K,369.5K
845,sofia9__official,SOFIA ANSARI,India,Lifestyle,Cinema & Actors/actresses,9.1M,225.5K,314K
846,jenna_chew,JENNA å‘¨ç”„å¨œ,United States,Fitness & Gym,,8.2M,279.8K,341.8K
847,arishfakhan138,Sayyed Arishfa Khan ğŸ’,India,Cinema & Actors/actresses,,29.5M,77.5K,94K
848,mohanshakti,Shakti Mohan,India,Art/Artists,Cinema & Actors/actresses,16.5M,138.3K,166.1K
849,jimmyfallon,Jimmy Fallon,United States,Shows,Humor & Fun & Happiness,23.1M,94.9K,118.8K
850,iampauloandre,Paulo AndreÌ ğŸ,Brazil,Photography,Lifestyle,9.9M,102.6K,290.5K
851,ewsbdi,ë¡œìš´,Indonesia,,,4.7M,395.9K,591.8K
852,borodylia,ĞšÑĞµĞ½Ğ¸Ñ Ğ‘Ğ¾Ñ€Ğ¾Ğ´Ğ¸Ğ½Ğ°,Russia,Shows,Family,19.2M,115K,141.8K
853,natalee.007,Natalie Lee,United States,Modeling,Music,7M,310.8K,397.2K
854,mterstegen1,Marc ter Stegen,Spain,Sports with a ball,,13.6M,132.4K,199.5K
855,albafloresoficial,Alba Flores,Spain,Cinema & Actors/actresses,,11.5M,175.3K,236.2K
856,snejanaonopka15,Snejana Onopka,Brazil,Modeling,,9.6M,221.4K,295.5K
857,saythename_17,SEVENTEEN,Indonesia,Music,,10.2M,234.3K,262.9K
858,anas,Anas,Iraq,Family,Shows,5.8M,367.1K,476.8K
859,ab,Antonio Brown,United States,Sports with a ball,,11.3M,118K,241.1K
860,wdohwan,ìš°ë„í™˜,Indonesia,Cinema & Actors/actresses,,4.5M,459.3K,608.8K
861,actor_jg,ë°°ìš° ì´ì¤€ê¸° ææº–åŸº,Indonesia,Cinema & Actors/actresses,,6.5M,363.1K,426.7K
862,ashleybenson,Ashley Benson,Brazil,Modeling,,23.3M,81.2K,115.4K
863,letthelordbewithyou,Scott Disick,United States,Lifestyle,Family,27.5M,64.6K,97.6K
864,iiqraaziz,IQRA AZIZ HUSSAINğŸ‡µğŸ‡°,India,Beauty,Modeling,9M,266.5K,303.8K
865,icc,ICC,India,Sports with a ball,,24.3M,91.7K,109.7K
866,nimratkhairaofficial,NIMRAT KHAIRA,India,Music,,8.1M,271.2K,336.5K
867,snoopdogg,snoopdogg,United States,Lifestyle,Music,76.4M,24.9K,35.5K
868,zo,Lonzo Ball,United States,Sports with a ball,,14.7M,101.1K,182.1K
869,cnn,CNN,United States,Shows,Literature & Journalism,18.1M,107.7K,148.8K
870,realshadmehr,Shadmehr Aghili,Iran,Music,,8.2M,242.7K,338.6K
871,arcticmonkeys,Arctic Monkeys,United States,Music,,4.1M,465K,653.9K
872,priyankaamohanofficial,Priyanka Mohan,India,Photography,Lifestyle,3.5M,660K,757.3K
873,dacremontgomery,Dacre Montgomery,United States,Cinema & Actors/actresses,,8.9M,224.4K,299.9K
874,iamyanetgarcia,Yanet Garcia ğŸ‡²ğŸ‡½,Mexico,Cinema & Actors/actresses,Modeling,14.9M,139.6K,178.2K
875,streetartglobe,StreetArtGlobe â„¢ ğŸ˜±,United States,Art/Artists,,16.6M,117.7K,159.9K
876,maddieziegler,maddie,United States,Cinema & Actors/actresses,Modeling,13.8M,126.5K,189.8K
877,_abu_saalim_,ABU SAALIM,India,Photography,Cinema & Actors/actresses,3M,372.6K,881.4K
878,hannahelzahed,Hannah El-Zahed,Egypt,Cinema & Actors/actresses,,18.2M,117.2K,145K
879,djokernole,Novak Djokovic,Serbia,Sports with a ball,,11.4M,187.7K,230.9K
880,weareone.exo,EXO Official,Indonesia,Music,,10M,212K,265.8K
881,paollaoliveirareal,Paolla Oliveira,Brazil,Cinema & Actors/actresses,Lifestyle,34.9M,56.7K,75.1K
882,trentarnold66,Trent Alexander-Arnold,United Kingdom,Lifestyle,Sports with a ball,7.8M,230.4K,337.5K
883,i_nivethathomas,Nivetha Thomas,India,Cinema & Actors/actresses,,6.2M,379.5K,429.2K
884,jeromepolin,Jerome Polin Sijabat ã‚·ã‚™ã‚§ãƒ­ãƒ¼ãƒ ,Indonesia,Education,Humor & Fun & Happiness,7M,257.7K,378.2K
885,sinavaliollah,Sina Valiollah,Iran,Shows,,7.5M,282.9K,356.8K
886,dilettaleotta,ğŸŒ¸Diletta LeottağŸŒ¸,Italy,Shows,,8.6M,206.2K,307.5K
887,marcoasensio10,Marco Asensio,Spain,Sports with a ball,,14.6M,115.9K,177.7K
888,nidhhiagerwal,Nidhhi Agerwal ğŸŒŸ,India,Gaming,Cinema & Actors/actresses,25.7M,84.3K,101K
889,ms.sethii,Shilpa Sethi,United States,Modeling,,6.6M,267.8K,405.1K
890,michelle_lewin,Michelle Lewin,United States,Fitness & Gym,,15.1M,122.6K,173.1K
891,galatasaray,Galatasaray,Turkey,Sports with a ball,,11.7M,183K,221.4K
892,maxverstappen1,Max Verstappen,United States,Racing Sports,,9.3M,214.4K,281.9K
893,anggayunandareal16,Ucup - The Hacker,Indonesia,Modeling,,10.5M,169.1K,244.7K
894,guaynaa,Guaynaa ğŸ§¿,Mexico,Music,,6.2M,269K,414.8K
895,burnaboygram,Burna Boy,Nigeria,Art/Artists,Music,11.5M,121.6K,223.4K
896,sergiroberto,Sergi Roberto,Spain,Sports with a ball,,7.6M,215.6K,339.7K
897,rakulpreet,Rakul Singh,India,Cinema & Actors/actresses,Modeling,22.4M,96.2K,113.1K
898,lalioficial,LALIâ¤ï¸â€ğŸ”¥,Argentina,Music,,11.1M,160.6K,229.5K
899,aslisona,Sonakshi Sinha,India,Cinema & Actors/actresses,Lifestyle,23.3M,90.2K,109.1K
900,dear.zia,ğ‘“ğ‘Ÿğ‘’ğ‘’ğ‘§ğ‘–ğ‘ .ğŸŒ¼,South Korea,,,3.7M,612.5K,688.4K
901,dominicfike,,United States,Music,,3.4M,391K,743.6K
902,tamannaahspeaks,Tamannaah Bhatia,India,Music,Cinema & Actors/actresses,17.8M,121.3K,141.6K
903,kikakim,Kristina Kim,Kazakhstan,Lifestyle,Music,7.1M,273.6K,362.1K
904,rubyrose,Ruby Rose,United States,Modeling,,20.3M,93.9K,124K
905,thegirljt,JTğŸ˜¸,United States,Music,,5.8M,161K,441.1K
906,huddy,Chase Hudson,United States,Lifestyle,Art/Artists,11.5M,157.5K,217.2K
907,prideofgypsies,Jason Momoa,United States,Cinema & Actors/actresses,,17.2M,114.2K,146.8K
908,jscmila,Jessica Mila Agnesia,Indonesia,Beauty,Modeling,22.3M,84.1K,111.6K
909,normani,Normani,United States,Music,,7.3M,223.2K,349K
910,t22felton,Tom Felton,United States,Music,Cinema & Actors/actresses,11.9M,162.6K,210.6K
911,rey_mbayang,REY MBAYANG,Indonesia,Music,,5.1M,303.2K,493K
912,kh1000le,CHENLE ZHONG,,Music,,1.9M,0,1.3M
913,qk20,Ø¹Ø¨Ø¯Ø§Ù„ÙƒØ±ÙŠÙ… Ø§Ù„Ù‡Ù†Ø¯Ø§Ù„ Ø§Ù„Ù‡Ø§Ø´Ù…ÙŠ - Ù…Ø¬Ù„Ø© ÙˆØ¶Ø­Ø©,India,Family,Business & Careers,11.1M,212.3K,223.8K
914,aoc,Alexandria Ocasio-Cortez,United States,Finance & Economics,,8.7M,235.4K,294.4K
915,mirandacosgrove,Miranda Cosgrove,Brazil,Music,Cinema & Actors/actresses,9.8M,164.4K,256.9K
916,debbyryan,Debby Ryan,United States,Music,Cinema & Actors/actresses,16.6M,102.8K,149.6K
917,thiago6,Thiago Alcantara,United Kingdom,Sports with a ball,,9.9M,147.8K,253.5K
918,theamitbhadana,Amit Bhadana ( à¤…à¤®à¤¿à¤¤ à¤­à¤¡à¤¼à¤¾à¤¨à¤¾ ),India,Shows,,8.5M,241.3K,296.5K
919,jacksepticeye,Jacksepticeye,United States,Computers & Gadgets,Machinery & Technologies,7.9M,274.2K,318.2K
920,dagelan,Dagelan,Indonesia,Humor & Fun & Happiness,,21.1M,70K,118.1K
921,alvaromorata,AÌlvaro Morata,Italy,Sports with a ball,Literature & Journalism,18M,88.5K,136.9K
922,laurenjauregui,Lauren Jauregui,United States,Music,,10.8M,155.5K,229.7K
923,rondarousey,Ronda Rousey,United States,Cinema & Actors/actresses,,15.9M,115.6K,154.9K
924,bypamella,BY PAMELLA âœ¨ğŸ§¿,Brazil,Shows,,9.9M,147.9K,253.5K
925,riyadmahrez26.7,RM26,Algeria,Sports with a ball,,9.2M,210.1K,270.6K
926,bowerjamie,á´Šá´€á´Éªá´‡ á´„á´€á´á´˜Ê™á´‡ÊŸÊŸ Ê™á´á´¡á´‡Ê€,Italy,Cinema & Actors/actresses,,5.5M,337.9K,450.4K
927,dearra,De'arra Taylor,United States,,,6.3M,159.5K,397.4K
928,hustlemantherapper,Hustleman ğŸ’«,United States,Lifestyle,,10.1M,219K,241.4K
929,yuzi_chahal23,Yuzvendra Chahal,India,Lifestyle,Sports with a ball,8.2M,247.9K,301.9K
930,fifaworldcup,FIFA World Cup,India,Sports with a ball,,29.1M,55.7K,84.1K
931,rjkarishma,RJ Karishma,India,Humor & Fun & Happiness,Cinema & Actors/actresses,3.7M,529.9K,676.5K
932,ricky_martin,Ricky Martin,Argentina,Music,,17.3M,105.5K,141.6K
933,nabilla,Nabilla Vergara âœ¨,France,Beauty,,8M,223.9K,308.1K
934,isaias,IsaiÌas,Brazil,Lifestyle,,9M,155.6K,272.6K
935,karolsevillaofc,KAROL SEVILLA,Brazil,Cinema & Actors/actresses,,15.1M,127.1K,160.7K
936,gucci,,United States,Accessories & Jewellery,Clothing & Outfits,49M,37.2K,49.3K
937,sabinahidalgo,Sabina Hidalgo,Brazil,Lifestyle,Music,4.8M,432.9K,519.3K
938,_chaechae_1,ê¹€ì±„ì› (CHAEWON),South Korea,Lifestyle,,2.9M,699.3K,841K
939,hyeri_0609,á„’á…¨á„…á…µ,South Korea,Music,,7.3M,277.7K,334.5K
940,nadin_serovski,Nadin Serovski,Russia,Family,Lifestyle,9.4M,189.3K,259.3K
941,lynaritaa,Lyna Perez,United States,Lifestyle,,9.1M,205.5K,271.3K
942,maudeapatow,Maude Apatow,United States,Lifestyle,Cinema & Actors/actresses,4.8M,304.7K,504.3K
943,gongyoo_official,ê³µìœ  gongyoo official,Indonesia,Lifestyle,,3.6M,537.9K,675.7K
944,christian_fig,Christian Figueiredo,Brazil,Cinema & Actors/actresses,Lifestyle,10.8M,142.4K,221.8K
945,arashi_5_official,ARASHI,Japan,,,4.4M,542.5K,565.2K
946,soyturkrabia,Rabia,Turkey,,,2.8M,615.4K,864.3K
947,disney,Disney,United States,Shows,,34.4M,57.5K,69.3K
948,333cyj333,Ars ğŸ—,Thailand,Music,,6.7M,304.2K,362.4K
949,soycintiacossio,Cintia Cossio,Colombia,Modeling,Adult content,5.8M,337.4K,421.1K
950,anthonyjoshua,,United Kingdom,Fitness & Gym,,14.4M,123K,167.3K
951,reynmen,reyn,Turkey,Music,Cinema & Actors/actresses,7.1M,266.6K,339.6K
952,ykaaar,Damiano David/MaÌŠneskin,Italy,Art/Artists,Cinema & Actors/actresses,5.2M,336.7K,462K
953,jessica.syj,Jessica Jung,Indonesia,Modeling,Beauty,10.9M,178.4K,218.9K
954,landonorris,Lando Norris,Italy,Racing Sports,Cars & Motorbikes,5.8M,328.3K,413.7K
955,ashleygraham,A S H L E Y  G R A H A M,United States,Modeling,,19.1M,93.2K,123.2K
956,ler_chek,Ğ’Ğ°Ğ»ĞµÑ€Ğ¸Ñ Ğ§ĞµĞºĞ°Ğ»Ğ¸Ğ½Ğ°,Russia,Lifestyle,Beauty,10.5M,174.6K,225.1K
957,bmw,BMW,Iran,Cars & Motorbikes,,33.8M,53.2K,69.5K
958,joesthetics,Jo Lindner,India,Fitness & Gym,,7.8M,200.9K,306K
959,maitreyiramakrishnan,Maitreyi Ramakrishnan,Brazil,Photography,Cinema & Actors/actresses,3.9M,413.2K,604.3K
960,ateez_official_,ATEEZ(ì—ì´í‹°ì¦ˆ),United States,,,7M,294.4K,337.7K
961,myriamfares,Myriam Fares,Iraq,Music,,20.9M,82.1K,111.1K
962,saaihalilintar,SAAIH HALILINTAR,Indonesia,Business & Careers,Shows,5M,377.5K,468.4K
963,salshabillaadr,Salshabilla adriani,Indonesia,Music,Cinema & Actors/actresses,14.4M,100.2K,160.2K
964,cemrebaysel,Cemre,Turkey,Lifestyle,,3.6M,489.4K,658.3K
965,hasnaink07,Hasnain khan,India,Gaming,,13.1M,143.3K,179.3K
966,arsenal,Arsenal,United Kingdom,Sports with a ball,,22.9M,66.8K,100.8K
967,piawurtzbach,Pia Wurtzbach,Philippines,Beauty,Modeling,13.9M,137.1K,165.3K
968,tamaaev,Ğ¢Ğ°Ğ¼Ğ°ĞµĞ² ĞÑÑ…Ğ°Ğ±,Russia,Fitness & Gym,,5.1M,324.8K,457.6K
969,eunbining0904,ë°•ì€ë¹ˆ,South Korea,Music,,2.9M,690.1K,814.7K
970,tarasutaria,TARAğŸ’«,India,Cinema & Actors/actresses,,8.2M,226.9K,285.8K
971,viking.barbie,Viking Barbieâš”,United States,Adult content,,11.5M,131.5K,200.9K
972,brycehall,Bryce Hall,United States,Music,,7.2M,252.3K,324K
973,illusomina,Shinmina,Indonesia,Cinema & Actors/actresses,,4.5M,412.7K,514.8K
974,sahilkhan,Indiaâ€™s Youth & Fitness ICâ­•ï¸NÂ®,India,Fitness & Gym,,10.9M,154.8K,210K
975,julienco_,! Julian,Germany,Lifestyle,Family,6.4M,294.6K,362.9K
976,____kimwoobin,á„€á…µá†·á„‹á…®á„‡á…µá†«,Indonesia,Lifestyle,,3.9M,452.8K,597.3K
977,aidanrgallagher,Aidan R Gallagher,Mexico,Music,,7.7M,250.4K,301.3K
978,mccabelinho,LITTLE HAIR,Brazil,Lifestyle,Music,5.4M,218.9K,431.9K
979,stebinben,Stebin Ben,India,Music,Lifestyle,11.9M,155K,190.2K
980,optimushwang,í™©ë¯¼í˜„,South Korea,Lifestyle,,4.4M,444K,529.2K
981,divyankatripathidahiya,Divyanka Tripathi Dahiya,India,Shows,Cinema & Actors/actresses,21.1M,93.3K,107.8K
982,aycaaysinturan,AycÌ§a AysÌ§in Turan,Turkey,Cinema & Actors/actresses,,6M,289.8K,387.6K
983,officialslystallone,Sly Stallone,United States,Art/Artists,Cinema & Actors/actresses,15.2M,118.1K,149.1K
984,haifa_hassony,Ù‡ÙŠÙØ§Ø¡ Ø­Ø³ÙˆÙ†ÙŠ Haifa Hassony,Iraq,Modeling,Fitness & Gym,15.1M,112.7K,150.4K
985,feid,FERXXO,Colombia,Music,,5M,220.8K,457.2K
986,03_hu,á„‡á…¡á†¨á„Œá…µá„’á…®,South Korea,Lifestyle,,4.2M,441.6K,541.6K
987,nameisnani,Nani,India,Humor & Fun & Happiness,Cinema & Actors/actresses,5.3M,396.4K,427.9K
988,_hakkencoser_,Hakken å…«çŠ¬,United States,Gaming,Photography,3.7M,500.2K,611.3K
989,kyliecosmetics,Kylie Cosmetics,United States,Beauty,Shopping & Retail,26M,59.8K,86.1K
990,kawtarbamo,KAWTAR BA-MOHAMED ÙƒÙˆØ«Ø± Ø¨Ø§Ù…Ùˆ,Morocco,Cinema & Actors/actresses,,7.6M,220.6K,298.9K
991,jimena.jimenezr,Jimena,Mexico,,,5.9M,265.6K,383.4K
992,hank_says_hank,Hank í–‰í¬,South Korea,,,3.3M,576.7K,676.8K
993,taylor_hill,Taylor Hill,United States,Art/Artists,Fashion,20.8M,71.6K,106.9K
994,epa_colombia,EPA COLOMBIA,Colombia,,,5.1M,322.2K,443.2K
995,beberexha,Bebe Rexha,India,Music,Lifestyle,10.7M,139.5K,206.3K
996,thenewclassic,Iggy Azalea,United States,Music,,16.7M,82.1K,132.8K
997,min.nicha,MINNIE,Thailand,Lifestyle,Music,4.2M,385.5K,526.6K
998,francety,Francia James,India,Adult content,,11.4M,149.9K,196.6K
999,silambarasantrofficial,Silambarasan TR,India,Shows,Lifestyle,10.2M,169.6K,216.6K
1000,lalala_lfamily,Lfamily,Thailand,Music,,2.5M,752.9K,900.4K
951,reynmen,reyn,Turkey,Music,Cinema & Actors/actresses,7.1M,266.6K,339.6K
952,ykaaar,Damiano David/MaÌŠneskin,Italy,Art/Artists,Cinema & Actors/actresses,5.2M,336.7K,462K
953,jessica.syj,Jessica Jung,Indonesia,Modeling,Beauty,10.9M,178.4K,218.9K
954,landonorris,Lando Norris,Italy,Racing Sports,Cars & Motorbikes,5.8M,328.3K,413.7K
955,ashleygraham,A S H L E Y  G R A H A M,United States,Modeling,,19.1M,93.2K,123.2K
956,ler_chek,Ğ’Ğ°Ğ»ĞµÑ€Ğ¸Ñ Ğ§ĞµĞºĞ°Ğ»Ğ¸Ğ½Ğ°,Russia,Lifestyle,Beauty,10.5M,174.6K,225.1K
957,bmw,BMW,Iran,Cars & Motorbikes,,33.8M,53.2K,69.5K
958,joesthetics,Jo Lindner,India,Fitness & Gym,,7.8M,200.9K,306K
959,maitreyiramakrishnan,Maitreyi Ramakrishnan,Brazil,Photography,Cinema & Actors/actresses,3.9M,413.2K,604.3K
960,ateez_official_,ATEEZ(ì—ì´í‹°ì¦ˆ),United States,,,7M,294.4K,337.7K
961,myriamfares,Myriam Fares,Iraq,Music,,20.9M,82.1K,111.1K
962,saaihalilintar,SAAIH HALILINTAR,Indonesia,Business & Careers,Shows,5M,377.5K,468.4K
963,salshabillaadr,Salshabilla adriani,Indonesia,Music,Cinema & Actors/actresses,14.4M,100.2K,160.2K
964,cemrebaysel,Cemre,Turkey,Lifestyle,,3.6M,489.4K,658.3K
965,hasnaink07,Hasnain khan,India,Gaming,,13.1M,143.3K,179.3K
966,arsenal,Arsenal,United Kingdom,Sports with a ball,,22.9M,66.8K,100.8K
967,piawurtzbach,Pia Wurtzbach,Philippines,Beauty,Modeling,13.9M,137.1K,165.3K
968,tamaaev,Ğ¢Ğ°Ğ¼Ğ°ĞµĞ² ĞÑÑ…Ğ°Ğ±,Russia,Fitness & Gym,,5.1M,324.8K,457.6K
969,eunbining0904,ë°•ì€ë¹ˆ,South Korea,Music,,2.9M,690.1K,814.7K
970,tarasutaria,TARAğŸ’«,India,Cinema & Actors/actresses,,8.2M,226.9K,285.8K
971,viking.barbie,Viking Barbieâš”,United States,Adult content,,11.5M,131.5K,200.9K
972,brycehall,Bryce Hall,United States,Music,,7.2M,252.3K,324K
973,illusomina,Shinmina,Indonesia,Cinema & Actors/actresses,,4.5M,412.7K,514.8K
974,sahilkhan,Indiaâ€™s Youth & Fitness ICâ­•ï¸NÂ®,India,Fitness & Gym,,10.9M,154.8K,210K
975,julienco_,! Julian,Germany,Lifestyle,Family,6.4M,294.6K,362.9K
976,____kimwoobin,á„€á…µá†·á„‹á…®á„‡á…µá†«,Indonesia,Lifestyle,,3.9M,452.8K,597.3K
977,aidanrgallagher,Aidan R Gallagher,Mexico,Music,,7.7M,250.4K,301.3K
978,mccabelinho,LITTLE HAIR,Brazil,Lifestyle,Music,5.4M,218.9K,431.9K
979,stebinben,Stebin Ben,India,Music,Lifestyle,11.9M,155K,190.2K
980,optimushwang,í™©ë¯¼í˜„,South Korea,Lifestyle,,4.4M,444K,529.2K
981,divyankatripathidahiya,Divyanka Tripathi Dahiya,India,Shows,Cinema & Actors/actresses,21.1M,93.3K,107.8K
982,aycaaysinturan,AycÌ§a AysÌ§in Turan,Turkey,Cinema & Actors/actresses,,6M,289.8K,387.6K
983,officialslystallone,Sly Stallone,United States,Art/Artists,Cinema & Actors/actresses,15.2M,118.1K,149.1K
984,haifa_hassony,Ù‡ÙŠÙØ§Ø¡ Ø­Ø³ÙˆÙ†ÙŠ Haifa Hassony,Iraq,Modeling,Fitness & Gym,15.1M,112.7K,150.4K
985,feid,FERXXO,Colombia,Music,,5M,220.8K,457.2K
986,03_hu,á„‡á…¡á†¨á„Œá…µá„’á…®,South Korea,Lifestyle,,4.2M,441.6K,541.6K
987,nameisnani,Nani,India,Humor & Fun & Happiness,Cinema & Actors/actresses,5.3M,396.4K,427.9K
988,_hakkencoser_,Hakken å…«çŠ¬,United States,Gaming,Photography,3.7M,500.2K,611.3K
989,kyliecosmetics,Kylie Cosmetics,United States,Beauty,Shopping & Retail,26M,59.8K,86.1K
990,kawtarbamo,KAWTAR BA-MOHAMED ÙƒÙˆØ«Ø± Ø¨Ø§Ù…Ùˆ,Morocco,Cinema & Actors/actresses,,7.6M,220.6K,298.9K
991,jimena.jimenezr,Jimena,Mexico,,,5.9M,265.6K,383.4K
992,hank_says_hank,Hank í–‰í¬,South Korea,,,3.3M,576.7K,676.8K
993,taylor_hill,Taylor Hill,United States,Art/Artists,Fashion,20.8M,71.6K,106.9K
994,epa_colombia,EPA COLOMBIA,Colombia,,,5.1M,322.2K,443.2K
995,beberexha,Bebe Rexha,India,Music,Lifestyle,10.7M,139.5K,206.3K
996,thenewclassic,Iggy Azalea,United States,Music,,16.7M,82.1K,132.8K
997,min.nicha,MINNIE,Thailand,Lifestyle,Music,4.2M,385.5K,526.6K
998,francety,Francia James,India,Adult content,,11.4M,149.9K,196.6K
999,silambarasantrofficial,Silambarasan TR,India,Shows,Lifestyle,10.2M,169.6K,216.6K
1000,lalala_lfamily,Lfamily,Thailand,Music,,2.5M,752.9K,900.4K